Employee_ID,First_Name,Last_Name,Age,Age_Was_Missing,Department,Region,Status,Join_Date,Salary,Salary_Was_Missing,Email,Email_Valid,Phone,Performance_Score,Remote_Work
EMP1000,Bob,Davis,25,False,DevOps,California,Active,2021-04-02,59767.65,False,bob.davis@example.com,True,1651623197,Average,True
EMP1001,Bob,Brown,35,True,Finance,Texas,Active,2020-07-10,65304.66,False,bob.brown@example.com,True,1898471390,Excellent,True
EMP1002,Alice,Jones,30,True,Admin,Nevada,Pending,2023-12-07,88145.9,False,alice.jones@example.com,True,5596363211,Good,True
EMP1003,Eva,Davis,25,False,Admin,Nevada,Inactive,2021-11-27,69450.99,False,eva.davis@example.com,True,3476490784,Good,True
EMP1004,Frank,Williams,25,False,Cloud Tech,Florida,Active,2022-01-05,109324.61,False,frank.williams@example.com,True,1586734256,Poor,False
EMP1005,Alice,Garcia,40,False,Sales,Texas,Inactive,2020-06-10,88642.84,False,alice.garcia@example.com,True,5409003485,Good,False
EMP1006,Frank,Jones,30,True,Admin,Nevada,Active,2020-04-03,96288.43,False,frank.jones@example.com,True,4518376063,Good,False
EMP1007,Bob,Jones,30,False,Cloud Tech,Florida,Inactive,2022-07-17,94497.91,False,bob.jones@example.com,True,4134327559,Average,True
EMP1008,Frank,Davis,35,False,Admin,Nevada,Inactive,2023-12-08,115565.82,False,frank.davis@example.com,True,4177656123,Excellent,True
EMP1009,Charlie,Johnson,32,True,DevOps,New York,Active,2022-08-04,76561.88,False,charlie.johnson@example.com,True,8156985699,Excellent,True
EMP1010,David,Williams,35,False,Cloud Tech,New York,Active,2024-07-06,72081.71,False,david.williams@example.com,True,2720634590,Average,False
EMP1011,David,Davis,32,True,DevOps,California,Active,2023-09-04,84946.19,False,david.davis@example.com,True,1238296576,Poor,True
EMP1012,Heidi,Williams,30,False,HR,New York,Active,2024-03-05,89295.77,False,heidi.williams@example.com,True,2429543164,Excellent,False
EMP1013,Grace,Williams,35,True,Finance,California,Active,2020-10-10,85666.84,False,grace.williams@example.com,True,2669300892,Good,False
EMP1014,Alice,Garcia,25,False,Admin,Nevada,Active,2024-06-10,97633.68,False,alice.garcia@example.com,True,1734206968,Excellent,True
EMP1015,Grace,Jones,40,False,Sales,Florida,Pending,2021-05-29,117975.49,False,grace.jones@example.com,True,4215291085,Good,True
EMP1016,Alice,Brown,25,False,DevOps,Illinois,Inactive,2024-04-23,94867.33,False,alice.brown@example.com,True,7713334475,Poor,False
EMP1017,Grace,Garcia,30,False,Finance,Texas,Pending,2024-11-28,100377.65,False,grace.garcia@example.com,True,2639343625,Average,True
EMP1018,Charlie,Garcia,30,True,Cloud Tech,Nevada,Inactive,2024-09-19,94726.46,False,charlie.garcia@example.com,True,2044397358,Excellent,False
EMP1019,Charlie,Williams,35,False,Admin,Illinois,Pending,2020-01-02,91926.12,False,charlie.williams@example.com,True,7107256365,Average,True
EMP1020,Bob,Miller,35,False,HR,New York,Active,2021-05-08,111460.67,False,bob.miller@example.com,True,9411800536,Excellent,True
EMP1021,Bob,Jones,40,False,Cloud Tech,Illinois,Active,2020-09-19,96182.56,False,bob.jones@example.com,True,5990048963,Good,False
EMP1022,Charlie,Johnson,35,False,Sales,Illinois,Inactive,2021-03-09,115023.94,False,charlie.johnson@example.com,True,6528092427,Average,True
EMP1023,David,Garcia,35,False,Finance,Nevada,Pending,2022-02-03,80667.01,False,david.garcia@example.com,True,7572158623,Excellent,False
EMP1024,Bob,Brown,30,False,Admin,Texas,Inactive,2020-02-13,91181.61,False,bob.brown@example.com,True,1502745643,Good,True
EMP1025,David,Miller,25,False,Cloud Tech,Nevada,Pending,2020-04-30,66025.92,False,david.miller@example.com,True,9485625727,Average,False
EMP1026,Frank,Miller,25,False,Sales,New York,Inactive,2023-10-02,83979.01,False,frank.miller@example.com,True,7032032073,Average,False
EMP1027,Heidi,Johnson,30,False,Finance,Florida,Active,2020-07-12,56785.16,False,heidi.johnson@example.com,True,2761707586,Excellent,True
EMP1028,Grace,Garcia,40,False,Finance,Nevada,Active,2023-10-11,95741.88,False,grace.garcia@example.com,True,7712151341,Excellent,False
EMP1029,Alice,Brown,40,False,DevOps,California,Active,2021-05-24,63411.31,False,alice.brown@example.com,True,2849939088,Excellent,True
EMP1030,Charlie,Jones,40,False,Admin,California,Inactive,2021-05-26,111214.02,False,charlie.jones@example.com,True,2613715040,Good,True
EMP1031,Bob,Smith,25,False,DevOps,Illinois,Active,2020-07-10,114845.69,False,bob.smith@example.com,True,6591520176,Excellent,True
EMP1032,Charlie,Brown,40,False,Finance,Florida,Active,2024-11-05,78072.82,False,charlie.brown@example.com,True,7490509758,Average,False
EMP1033,Grace,Johnson,25,False,Finance,California,Inactive,2021-08-07,79610.52,False,grace.johnson@example.com,True,2304501895,Average,False
EMP1034,Heidi,Miller,30,False,Admin,California,Active,2020-04-29,90542.62,False,heidi.miller@example.com,True,1642361031,Excellent,True
EMP1035,Frank,Jones,25,False,Cloud Tech,Illinois,Inactive,2022-10-26,114357.1,False,frank.jones@example.com,True,6642147648,Excellent,True
EMP1036,Alice,Brown,30,True,Cloud Tech,New York,Active,2023-05-03,54757.26,False,alice.brown@example.com,True,2515837766,Poor,False
EMP1037,Grace,Smith,25,False,Sales,New York,Pending,2023-05-02,52781.92,False,grace.smith@example.com,True,4996165925,Average,True
EMP1038,Frank,Smith,35,False,Admin,Nevada,Pending,2021-10-05,66708.02,False,frank.smith@example.com,True,6108573277,Good,True
EMP1039,Eva,Williams,40,False,HR,Texas,Active,2022-07-27,93481.15,False,eva.williams@example.com,True,8147617421,Poor,False
EMP1040,Bob,Williams,25,False,Sales,New York,Pending,2021-06-27,59271.96,False,bob.williams@example.com,True,4386490809,Excellent,True
EMP1041,Bob,Davis,30,False,HR,California,Active,2022-06-16,108362.15,False,bob.davis@example.com,True,8186617944,Excellent,False
EMP1042,Alice,Johnson,30,True,HR,Nevada,Active,2024-12-03,59400.38,False,alice.johnson@example.com,True,4918017225,Average,True
EMP1043,Bob,Garcia,30,True,Admin,California,Inactive,2023-05-23,64744.08,False,bob.garcia@example.com,True,164597793,Excellent,False
EMP1044,Eva,Brown,35,True,Finance,California,Active,2020-07-08,94399.91,False,eva.brown@example.com,True,5232194167,Good,True
EMP1045,Alice,Brown,25,False,HR,New York,Pending,2021-06-20,61310.74,False,alice.brown@example.com,True,61027768,Average,True
EMP1046,Grace,Garcia,30,True,Cloud Tech,Texas,Active,2024-12-13,98371.37,False,grace.garcia@example.com,True,7499564121,Excellent,False
EMP1047,Alice,Davis,35,False,Sales,Illinois,Active,2022-05-30,58921.19,False,alice.davis@example.com,True,310303722,Average,True
EMP1048,Alice,Miller,35,False,Admin,Nevada,Active,2023-09-27,57195.55,False,alice.miller@example.com,True,6831472759,Excellent,False
EMP1049,Grace,Miller,32,True,DevOps,New York,Active,2024-11-05,61375.12,False,grace.miller@example.com,True,1227770792,Excellent,True
EMP1050,Charlie,Davis,40,False,Cloud Tech,New York,Pending,2021-11-11,104767.05,False,charlie.davis@example.com,True,3496050165,Excellent,False
EMP1051,David,Miller,35,False,Admin,Nevada,Active,2022-02-22,111051.67,False,david.miller@example.com,True,7998407677,Good,False
EMP1052,David,Williams,30,False,Finance,California,Inactive,2024-08-07,105674.18,False,david.williams@example.com,True,9973080694,Good,False
EMP1053,Alice,Brown,30,False,Finance,California,Inactive,2024-11-05,54859.45,False,alice.brown@example.com,True,8146717956,Average,False
EMP1054,Frank,Davis,35,True,Finance,Nevada,Pending,2021-11-09,115746.6,False,frank.davis@example.com,True,6024375737,Excellent,True
EMP1055,Eva,Brown,30,False,Sales,California,Active,2020-08-10,91759.99,False,eva.brown@example.com,True,3959724664,Excellent,True
EMP1056,Frank,Garcia,40,False,Sales,Illinois,Active,2022-02-27,112965.33,False,frank.garcia@example.com,True,7293417222,Good,False
EMP1057,Alice,Smith,40,False,Cloud Tech,Illinois,Pending,2023-11-07,100360.1,False,alice.smith@example.com,True,2971674337,Excellent,False
EMP1058,David,Williams,35,False,Finance,Texas,Pending,2021-11-07,93620.88,False,david.williams@example.com,True,54522800,Good,False
EMP1059,Bob,Jones,35,False,Sales,California,Pending,2022-04-16,72832.8,False,bob.jones@example.com,True,5619318373,Excellent,True
EMP1060,Charlie,Williams,30,False,Finance,Nevada,Inactive,2023-10-19,102369.42,False,charlie.williams@example.com,True,5508428909,Average,True
EMP1061,Eva,Davis,40,False,Sales,Texas,Inactive,2021-08-10,64712.79,False,eva.davis@example.com,True,7711991807,Excellent,True
EMP1062,Frank,Jones,40,False,Finance,Florida,Pending,2021-03-13,85782.18,False,frank.jones@example.com,True,1213524786,Excellent,True
EMP1063,Charlie,Smith,25,False,HR,Illinois,Pending,2023-07-20,93348.26,False,charlie.smith@example.com,True,1255213759,Poor,False
EMP1064,David,Davis,35,False,Admin,New York,Active,2020-02-20,53234.96,False,david.davis@example.com,True,3754821455,Good,False
EMP1065,Bob,Johnson,40,False,Finance,Nevada,Pending,2021-02-02,100284.21,False,bob.johnson@example.com,True,5328632665,Excellent,False
EMP1066,Grace,Brown,30,False,Admin,Nevada,Pending,2020-01-12,112486.19,False,grace.brown@example.com,True,7850720810,Excellent,True
EMP1067,Bob,Smith,40,False,Admin,New York,Pending,2022-11-26,82518.49,False,bob.smith@example.com,True,5562606028,Poor,True
EMP1068,Bob,Brown,40,False,Admin,Florida,Pending,2022-12-23,119152.47,False,bob.brown@example.com,True,846684549,Poor,True
EMP1069,Heidi,Miller,32,True,DevOps,Illinois,Inactive,2024-08-28,113479.83,False,heidi.miller@example.com,True,4892673898,Good,False
EMP1070,Charlie,Johnson,40,False,Finance,California,Active,2024-09-16,94636.3,False,charlie.johnson@example.com,True,7563410855,Poor,False
EMP1071,Heidi,Johnson,30,False,HR,Florida,Active,2024-01-01,70000.97,False,heidi.johnson@example.com,True,2884318847,Average,True
EMP1072,Frank,Smith,30,True,Cloud Tech,New York,Active,2021-04-18,76812.47,False,frank.smith@example.com,True,5200894345,Poor,False
EMP1073,David,Johnson,25,False,Finance,Florida,Inactive,2023-01-16,82614.7,False,david.johnson@example.com,True,8105485100,Average,True
EMP1074,Grace,Jones,40,False,Sales,Nevada,Active,2024-10-20,111645.97,False,grace.jones@example.com,True,7490753997,Good,True
EMP1075,Heidi,Johnson,25,False,HR,California,Inactive,2024-10-13,112414.91,False,heidi.johnson@example.com,True,9354492682,Good,False
EMP1076,David,Brown,40,False,Admin,California,Inactive,2022-09-21,52031.74,False,david.brown@example.com,True,1589357125,Good,True
EMP1077,Grace,Brown,30,False,Finance,New York,Pending,2022-12-29,51887.65,False,grace.brown@example.com,True,6110627370,Good,False
EMP1078,Alice,Davis,25,False,DevOps,Florida,Active,2024-11-10,82318.89,False,alice.davis@example.com,True,5869886496,Good,True
EMP1079,Grace,Brown,35,False,Admin,Florida,Inactive,2021-11-22,103286.08,False,grace.brown@example.com,True,6776228276,Average,False
EMP1080,Grace,Davis,35,False,Cloud Tech,Florida,Active,2024-03-14,87759.33,False,grace.davis@example.com,True,2881377027,Average,False
EMP1081,Frank,Brown,30,False,DevOps,Texas,Pending,2020-03-23,102796.32,False,frank.brown@example.com,True,5196115939,Good,False
EMP1082,David,Jones,25,False,Sales,New York,Active,2020-09-15,83149.27,False,david.jones@example.com,True,8215454469,Poor,True
EMP1083,David,Garcia,40,False,DevOps,California,Inactive,2020-12-09,92412.49,False,david.garcia@example.com,True,2296044326,Excellent,True
EMP1084,Bob,Davis,30,False,HR,Texas,Pending,2020-02-22,115022.1,False,bob.davis@example.com,True,185106793,Good,False
EMP1085,Grace,Williams,40,False,DevOps,New York,Active,2023-04-27,98343.01,False,grace.williams@example.com,True,9756792286,Poor,False
EMP1086,Bob,Miller,35,False,DevOps,Illinois,Active,2024-06-18,118869.1,False,bob.miller@example.com,True,7725199662,Excellent,True
EMP1087,Frank,Smith,35,True,Finance,Nevada,Inactive,2020-05-21,85417.26,False,frank.smith@example.com,True,6580741208,Good,True
EMP1088,Grace,Brown,40,False,Cloud Tech,Florida,Inactive,2023-07-25,112410.25,False,grace.brown@example.com,True,4818139889,Good,True
EMP1089,Charlie,Johnson,40,False,Admin,Nevada,Pending,2023-08-25,68905.77,False,charlie.johnson@example.com,True,9837801819,Average,False
EMP1090,Heidi,Garcia,40,False,Finance,Nevada,Pending,2021-07-03,72561.32,False,heidi.garcia@example.com,True,4339718955,Excellent,True
EMP1091,Bob,Brown,35,False,Finance,New York,Inactive,2023-03-13,92723.22,False,bob.brown@example.com,True,9070562607,Excellent,True
EMP1092,Alice,Johnson,40,False,HR,New York,Inactive,2021-03-10,74837.75,False,alice.johnson@example.com,True,5641118241,Poor,False
EMP1093,Eva,Miller,32,True,DevOps,California,Pending,2020-01-21,86163.91,False,eva.miller@example.com,True,2412462094,Average,True
EMP1094,David,Miller,40,False,Finance,Illinois,Active,2023-11-15,83326.52,False,david.miller@example.com,True,2004615264,Average,True
EMP1095,Heidi,Miller,25,False,Cloud Tech,California,Active,2022-04-08,98425.1,False,heidi.miller@example.com,True,4610339936,Average,True
EMP1096,Frank,Johnson,40,False,Sales,Illinois,Inactive,2022-05-21,119764.2,False,frank.johnson@example.com,True,8861405785,Average,False
EMP1097,Frank,Brown,40,False,HR,California,Inactive,2021-04-17,58445.91,False,frank.brown@example.com,True,1706304890,Excellent,False
EMP1098,Bob,Miller,32,True,DevOps,New York,Active,2021-03-19,101702.33,False,bob.miller@example.com,True,3824967182,Excellent,False
EMP1099,Eva,Jones,25,False,Admin,California,Active,2022-01-09,,True,eva.jones@example.com,True,2582386869,Good,False
EMP1100,Charlie,Davis,35,False,Cloud Tech,Texas,Pending,2021-08-21,98819.22,False,charlie.davis@example.com,True,794200748,Good,False
EMP1101,Heidi,Johnson,25,False,Cloud Tech,Illinois,Inactive,2022-08-19,83509.99,False,heidi.johnson@example.com,True,4653984027,Average,False
EMP1102,Alice,Johnson,35,False,Finance,Texas,Active,2022-03-31,84422.26,False,alice.johnson@example.com,True,9141612845,Average,False
EMP1103,Alice,Brown,30,False,Admin,Illinois,Inactive,2020-06-23,119574.27,False,alice.brown@example.com,True,3985547434,Average,True
EMP1104,Grace,Johnson,30,True,Sales,Illinois,Active,2024-05-07,86580.08,False,grace.johnson@example.com,True,5379502096,Good,True
EMP1105,Heidi,Johnson,35,False,Sales,Florida,Inactive,2023-03-10,93471.91,False,heidi.johnson@example.com,True,26876810,Poor,False
EMP1106,Bob,Miller,30,False,DevOps,New York,Inactive,2023-09-14,55683.12,False,bob.miller@example.com,True,8071569561,Poor,True
EMP1107,Bob,Brown,30,False,Cloud Tech,Florida,Inactive,2023-11-12,91566.78,False,bob.brown@example.com,True,175370303,Good,True
EMP1108,David,Miller,35,False,DevOps,California,Pending,2024-10-26,81782.19,False,david.miller@example.com,True,5319433749,Good,False
EMP1109,Eva,Davis,32,True,DevOps,New York,Inactive,2020-08-23,88119.37,False,eva.davis@example.com,True,4793036148,Good,True
EMP1110,Eva,Garcia,30,False,Cloud Tech,Texas,Active,2024-06-11,71532.83,False,eva.garcia@example.com,True,8728399920,Good,True
EMP1111,Eva,Davis,40,False,Cloud Tech,Florida,Pending,2021-09-14,98981.36,False,eva.davis@example.com,True,9212493842,Good,True
EMP1112,Heidi,Garcia,40,False,Cloud Tech,Illinois,Active,2024-12-26,80242.01,False,heidi.garcia@example.com,True,894870604,Good,True
EMP1113,Eva,Miller,25,False,Cloud Tech,New York,Pending,2024-09-08,110236.18,False,eva.miller@example.com,True,6641877579,Average,True
EMP1114,Alice,Davis,35,False,Sales,Texas,Active,2022-08-21,86327.47,False,alice.davis@example.com,True,3046875062,Average,False
EMP1115,Eva,Brown,30,False,Sales,Florida,Pending,2024-07-25,84420.81,False,eva.brown@example.com,True,5190361331,Average,False
EMP1116,Frank,Smith,40,False,HR,California,Pending,2020-08-02,110041.32,False,frank.smith@example.com,True,5411076094,Average,False
EMP1117,Heidi,Miller,35,False,DevOps,Florida,Pending,2020-03-16,81837.81,False,heidi.miller@example.com,True,4317350582,Good,True
EMP1118,Frank,Garcia,25,False,Finance,Illinois,Active,2023-09-08,110855.72,False,frank.garcia@example.com,True,1997179109,Poor,False
EMP1119,Alice,Jones,30,False,Sales,California,Pending,2024-03-29,84894.52,False,alice.jones@example.com,True,651207048,Excellent,True
EMP1120,Alice,Garcia,30,False,HR,Illinois,Active,2021-08-12,80668.13,False,alice.garcia@example.com,True,6110804660,Good,True
EMP1121,Bob,Jones,25,False,DevOps,Illinois,Active,2023-12-24,61086.47,False,bob.jones@example.com,True,9639907675,Excellent,True
EMP1122,Grace,Johnson,25,False,Admin,Texas,Inactive,2020-08-28,95339.68,False,grace.johnson@example.com,True,9915078592,Poor,True
EMP1123,Eva,Davis,32,True,DevOps,California,Inactive,2024-09-05,83774.97,False,eva.davis@example.com,True,1109193927,Average,False
EMP1124,Heidi,Jones,30,True,Admin,Florida,Active,2023-05-12,85576.86,False,heidi.jones@example.com,True,4567972319,Poor,False
EMP1125,Bob,Garcia,35,False,Finance,California,Pending,2021-07-01,107438.46,False,bob.garcia@example.com,True,249685497,Good,True
EMP1126,Eva,Johnson,30,True,Sales,Nevada,Inactive,2024-11-07,60401.68,False,eva.johnson@example.com,True,2274954507,Average,False
EMP1127,Frank,Smith,35,False,Sales,Illinois,Inactive,2022-07-21,115299.66,False,frank.smith@example.com,True,9203880652,Good,True
EMP1128,David,Brown,35,True,Finance,New York,Inactive,2020-03-30,72272.34,False,david.brown@example.com,True,3315377958,Average,False
EMP1129,Grace,Brown,40,False,DevOps,Nevada,Active,2022-10-11,117537.71,False,grace.brown@example.com,True,9594652169,Excellent,False
EMP1130,Frank,Brown,25,False,Finance,Texas,Pending,2022-07-24,51074.33,False,frank.brown@example.com,True,7303379336,Excellent,True
EMP1131,Charlie,Jones,25,False,Finance,California,Inactive,2023-06-30,98489.32,False,charlie.jones@example.com,True,5636205014,Excellent,False
EMP1132,Frank,Smith,35,True,Finance,California,Pending,2024-01-11,112120.71,False,frank.smith@example.com,True,812473949,Poor,True
EMP1133,Alice,Jones,30,True,Cloud Tech,New York,Pending,2023-11-02,114465.04,False,alice.jones@example.com,True,334234257,Good,False
EMP1134,Bob,Davis,40,False,Cloud Tech,Nevada,Pending,2024-11-22,57035.51,False,bob.davis@example.com,True,3230241025,Poor,True
EMP1135,Eva,Jones,25,False,Cloud Tech,California,Active,2021-08-23,75092.43,False,eva.jones@example.com,True,1534735527,Excellent,True
EMP1136,David,Smith,35,True,Finance,Illinois,Pending,2024-06-11,62603.98,False,david.smith@example.com,True,9611223385,Good,False
EMP1137,Grace,Smith,32,True,DevOps,New York,Inactive,2023-04-09,60018.24,False,grace.smith@example.com,True,5596309937,Excellent,False
EMP1138,Eva,Davis,40,False,HR,Nevada,Active,2024-07-05,82567.73,False,eva.davis@example.com,True,4253042896,Poor,True
EMP1139,Charlie,Smith,25,False,Finance,California,Pending,2021-09-04,94725.71,False,charlie.smith@example.com,True,3179128684,Poor,False
EMP1140,Eva,Garcia,40,False,HR,New York,Inactive,2024-10-13,83824.56,False,eva.garcia@example.com,True,7872558776,Poor,False
EMP1141,Frank,Smith,30,True,HR,Nevada,Inactive,2020-02-14,118456.11,False,frank.smith@example.com,True,4969033372,Excellent,True
EMP1142,Eva,Brown,25,False,Sales,Nevada,Pending,2020-04-10,113743.19,False,eva.brown@example.com,True,6346692547,Good,True
EMP1143,Eva,Garcia,30,False,Sales,California,Active,2023-07-27,63309.24,False,eva.garcia@example.com,True,1214785389,Good,False
EMP1144,Charlie,Garcia,25,False,DevOps,Nevada,Active,2021-09-24,105202.73,False,charlie.garcia@example.com,True,7895677664,Excellent,True
EMP1145,Frank,Davis,30,False,Cloud Tech,California,Inactive,2024-03-10,79085.22,False,frank.davis@example.com,True,7546027340,Good,True
EMP1146,Frank,Williams,30,True,Sales,California,Active,2021-06-10,113983.43,False,frank.williams@example.com,True,5148881430,Excellent,True
EMP1147,Eva,Williams,35,False,Cloud Tech,Florida,Active,2020-10-15,102790.6,False,eva.williams@example.com,True,1150835353,Good,False
EMP1148,Grace,Smith,30,True,HR,Texas,Inactive,2020-01-29,68512.1,False,grace.smith@example.com,True,4439284043,Average,False
EMP1149,Frank,Garcia,35,False,Sales,Florida,Pending,2022-01-30,57584.23,False,frank.garcia@example.com,True,5669078262,Average,True
EMP1150,Alice,Williams,30,True,Sales,California,Pending,2021-03-29,95335.67,False,alice.williams@example.com,True,3373898774,Poor,False
EMP1151,Heidi,Williams,35,False,DevOps,Florida,Active,2020-10-13,53174.28,False,heidi.williams@example.com,True,1536637779,Average,True
EMP1152,Heidi,Smith,25,False,Cloud Tech,New York,Pending,2020-10-04,77205.21,False,heidi.smith@example.com,True,5292407552,Average,False
EMP1153,Grace,Williams,32,True,DevOps,Nevada,Active,2024-12-18,79041.92,False,grace.williams@example.com,True,6668459089,Average,True
EMP1154,Heidi,Jones,35,True,Finance,California,Active,2023-11-14,75937.1,False,heidi.jones@example.com,True,2259999662,Excellent,True
EMP1155,David,Johnson,35,False,Cloud Tech,Nevada,Inactive,2023-01-20,113118.73,False,david.johnson@example.com,True,6186371596,Average,False
EMP1156,Alice,Davis,40,False,HR,New York,Active,2024-10-02,107693.38,False,alice.davis@example.com,True,4121820969,Average,True
EMP1157,David,Johnson,30,True,Cloud Tech,Texas,Inactive,2021-05-13,119217.46,False,david.johnson@example.com,True,2316433480,Poor,False
EMP1158,David,Smith,25,False,Sales,New York,Pending,2021-03-18,106913.71,False,david.smith@example.com,True,7058025661,Average,False
EMP1159,Charlie,Brown,30,True,Cloud Tech,California,Active,2020-09-23,87815.08,False,charlie.brown@example.com,True,1286716322,Average,True
EMP1160,Bob,Davis,25,False,Admin,Texas,Inactive,2024-06-05,105190.21,False,bob.davis@example.com,True,4672994937,Good,True
EMP1161,Alice,Smith,30,False,HR,Texas,Active,2024-02-28,79467.24,False,alice.smith@example.com,True,7430271692,Poor,False
EMP1162,Bob,Garcia,40,False,Finance,California,Pending,2023-04-30,57633.78,False,bob.garcia@example.com,True,8597779013,Poor,True
EMP1163,Alice,Brown,30,True,HR,Florida,Pending,2020-03-04,54257.78,False,alice.brown@example.com,True,7546926328,Poor,True
EMP1164,Grace,Johnson,40,False,DevOps,Texas,Inactive,2023-12-29,113679.06,False,grace.johnson@example.com,True,6762916031,Poor,True
EMP1165,Bob,Smith,35,False,Sales,New York,Active,2020-09-15,69251.12,False,bob.smith@example.com,True,4841376814,Poor,True
EMP1166,Frank,Garcia,40,False,Sales,Illinois,Inactive,2022-07-18,85388.58,False,frank.garcia@example.com,True,1185672437,Poor,True
EMP1167,Bob,Davis,32,True,DevOps,New York,Inactive,2022-07-13,112166.37,False,bob.davis@example.com,True,701765635,Excellent,False
EMP1168,Heidi,Davis,40,False,Finance,Nevada,Active,2021-10-02,79873.48,False,heidi.davis@example.com,True,41257770,Average,False
EMP1169,Frank,Miller,30,False,DevOps,Florida,Active,2020-07-05,108224.03,False,frank.miller@example.com,True,1837274219,Poor,True
EMP1170,Bob,Garcia,35,False,Admin,Illinois,Active,2023-04-16,116963.72,False,bob.garcia@example.com,True,9124186209,Average,True
EMP1171,Bob,Jones,40,False,HR,Nevada,Inactive,2024-11-12,114109.06,False,bob.jones@example.com,True,4275230836,Average,True
EMP1172,Eva,Williams,30,True,HR,California,Active,2023-03-29,85518.88,False,eva.williams@example.com,True,816470899,Excellent,False
EMP1173,Heidi,Brown,30,False,Cloud Tech,California,Pending,2022-01-22,58041.97,False,heidi.brown@example.com,True,6335331059,Poor,True
EMP1174,David,Garcia,40,False,Sales,Illinois,Pending,2023-10-14,94988.94,False,david.garcia@example.com,True,531312205,Good,False
EMP1175,Eva,Miller,25,False,Admin,California,Pending,2024-04-10,71628.93,False,eva.miller@example.com,True,8155839385,Excellent,False
EMP1176,Alice,Williams,30,False,Admin,Illinois,Pending,2022-03-31,54870.98,False,alice.williams@example.com,True,6133155205,Good,False
EMP1177,Alice,Williams,25,False,DevOps,Illinois,Active,2022-02-09,79388.27,False,alice.williams@example.com,True,5063731494,Average,True
EMP1178,Frank,Smith,35,False,DevOps,California,Pending,2023-05-06,55946.99,False,frank.smith@example.com,True,136497188,Average,False
EMP1179,Charlie,Williams,30,True,Cloud Tech,Nevada,Active,2021-07-11,81017.91,False,charlie.williams@example.com,True,2419562524,Excellent,True
EMP1180,Heidi,Jones,40,False,HR,New York,Pending,2020-08-21,74162.1,False,heidi.jones@example.com,True,7150997682,Excellent,False
EMP1181,Heidi,Davis,32,True,DevOps,California,Active,2021-03-27,77668.44,False,heidi.davis@example.com,True,8903091435,Good,True
EMP1182,Alice,Miller,30,False,HR,New York,Active,2024-04-14,67886.37,False,alice.miller@example.com,True,3910257431,Poor,False
EMP1183,Alice,Williams,40,False,DevOps,Florida,Active,2020-09-21,76614.52,False,alice.williams@example.com,True,6303975244,Good,True
EMP1184,Frank,Smith,25,False,Finance,Nevada,Active,2022-06-12,51311.91,False,frank.smith@example.com,True,864035532,Excellent,False
EMP1185,Frank,Jones,35,True,Finance,Illinois,Inactive,2023-12-24,94809.92,False,frank.jones@example.com,True,8033968526,Good,True
EMP1186,Grace,Johnson,25,False,HR,New York,Pending,2022-07-31,108241.81,False,grace.johnson@example.com,True,171302320,Excellent,True
EMP1187,Bob,Davis,40,False,Cloud Tech,New York,Inactive,2023-04-21,78031.49,False,bob.davis@example.com,True,2983381673,Good,True
EMP1188,Eva,Davis,35,False,Admin,California,Active,2020-06-05,85733.83,False,eva.davis@example.com,True,2336293448,Excellent,True
EMP1189,David,Miller,35,False,HR,Nevada,Pending,2024-07-27,60338.29,False,david.miller@example.com,True,7347156626,Excellent,False
EMP1190,Eva,Davis,30,False,Admin,Illinois,Active,2024-04-05,103140.67,False,eva.davis@example.com,True,7689627065,Excellent,False
EMP1191,Heidi,Williams,40,False,Sales,Illinois,Inactive,2023-10-26,114690.8,False,heidi.williams@example.com,True,1498282466,Poor,True
EMP1192,Frank,Smith,35,False,Admin,Florida,Active,2022-08-18,80954.56,False,frank.smith@example.com,True,4746897151,Good,False
EMP1193,Eva,Davis,30,True,Cloud Tech,California,Pending,2020-05-31,71728.55,False,eva.davis@example.com,True,7323008575,Good,True
EMP1194,Alice,Davis,35,False,HR,Texas,Pending,2024-11-04,118415.8,False,alice.davis@example.com,True,6656749159,Good,True
EMP1195,Grace,Johnson,40,False,Sales,Illinois,Pending,2020-03-25,81481.36,False,grace.johnson@example.com,True,1692364586,Excellent,False
EMP1196,David,Johnson,35,False,Sales,Florida,Pending,2020-11-04,117040.57,False,david.johnson@example.com,True,5066337049,Good,True
EMP1197,Frank,Brown,25,False,Sales,Nevada,Active,2020-03-21,67342.06,False,frank.brown@example.com,True,2497243991,Good,True
EMP1198,Heidi,Jones,30,True,Sales,Illinois,Active,2022-01-15,76099.64,False,heidi.jones@example.com,True,116691835,Excellent,False
EMP1199,Grace,Williams,35,False,DevOps,Illinois,Active,2024-06-04,94162.06,False,grace.williams@example.com,True,2644886945,Average,True
EMP1200,Frank,Davis,25,False,Sales,Nevada,Inactive,2021-08-04,67639.7,False,frank.davis@example.com,True,1195243639,Excellent,True
EMP1201,Charlie,Garcia,35,False,Cloud Tech,Illinois,Pending,2020-10-16,114172.25,False,charlie.garcia@example.com,True,2701168645,Good,True
EMP1202,Grace,Davis,30,False,Sales,Nevada,Active,2021-09-26,89124.54,False,grace.davis@example.com,True,2252237280,Excellent,True
EMP1203,Frank,Smith,30,False,DevOps,Nevada,Pending,2023-11-04,113871.36,False,frank.smith@example.com,True,7932302345,Average,False
EMP1204,Grace,Brown,30,True,HR,Texas,Inactive,2021-09-24,62618.4,False,grace.brown@example.com,True,7912141613,Excellent,False
EMP1205,Heidi,Jones,30,False,Admin,New York,Active,2020-06-07,70705.45,False,heidi.jones@example.com,True,1509377099,Good,False
EMP1206,Alice,Garcia,35,False,Sales,New York,Pending,2022-02-10,60797.69,False,alice.garcia@example.com,True,4090138068,Average,True
EMP1207,Charlie,Brown,40,False,Cloud Tech,Florida,Inactive,2023-10-17,100371.0,False,charlie.brown@example.com,True,8477596554,Poor,True
EMP1208,Eva,Miller,40,False,Admin,Illinois,Active,2021-09-25,117591.76,False,eva.miller@example.com,True,5356690550,Good,False
EMP1209,David,Jones,35,False,DevOps,Illinois,Inactive,2022-08-03,103860.7,False,david.jones@example.com,True,762091842,Average,True
EMP1210,Grace,Davis,30,False,Admin,Illinois,Active,2024-11-22,67500.22,False,grace.davis@example.com,True,5797863049,Average,True
EMP1211,Frank,Davis,30,True,Cloud Tech,Nevada,Pending,2024-10-09,58727.44,False,frank.davis@example.com,True,5057397690,Poor,True
EMP1212,Charlie,Jones,35,False,Finance,Illinois,Active,2024-08-28,80623.08,False,charlie.jones@example.com,True,5671649327,Excellent,True
EMP1213,David,Davis,40,False,HR,Texas,Inactive,2020-04-19,77751.78,False,david.davis@example.com,True,9802714871,Excellent,False
EMP1214,Grace,Williams,25,False,HR,New York,Active,2021-10-14,115157.81,False,grace.williams@example.com,True,7178333210,Good,False
EMP1215,Frank,Jones,30,False,Admin,Texas,Inactive,2024-08-26,83071.85,False,frank.jones@example.com,True,6025643470,Poor,False
EMP1216,Heidi,Brown,40,False,Sales,Texas,Active,2020-02-08,67914.67,False,heidi.brown@example.com,True,2871539914,Excellent,True
EMP1217,Grace,Jones,25,False,HR,New York,Inactive,2020-09-06,53342.46,False,grace.jones@example.com,True,6686334140,Poor,False
EMP1218,Heidi,Garcia,25,False,Cloud Tech,Florida,Pending,2023-01-02,51150.47,False,heidi.garcia@example.com,True,1159319524,Excellent,False
EMP1219,David,Davis,30,False,HR,Florida,Active,2023-06-13,74697.12,False,david.davis@example.com,True,6904098365,Average,True
EMP1220,Charlie,Williams,25,False,Sales,California,Active,2022-12-13,88085.74,False,charlie.williams@example.com,True,5528993159,Excellent,True
EMP1221,Alice,Williams,40,False,Finance,Texas,Pending,2022-03-03,118672.76,False,alice.williams@example.com,True,8752437728,Poor,False
EMP1222,Alice,Miller,35,False,Cloud Tech,California,Active,2024-02-10,95997.31,False,alice.miller@example.com,True,4209548148,Average,False
EMP1223,Frank,Brown,30,False,Cloud Tech,California,Pending,2021-11-24,106945.62,False,frank.brown@example.com,True,7374605232,Average,False
EMP1224,Heidi,Johnson,40,False,DevOps,New York,Active,2020-05-09,100123.15,False,heidi.johnson@example.com,True,276420864,Average,False
EMP1225,Alice,Johnson,35,False,Admin,Texas,Active,2024-12-19,52933.42,False,alice.johnson@example.com,True,6756618442,Poor,True
EMP1226,Grace,Jones,35,True,Finance,California,Active,2024-03-22,95283.03,False,grace.jones@example.com,True,8612590471,Good,False
EMP1227,Alice,Miller,35,False,HR,Texas,Inactive,2022-06-13,112264.06,False,alice.miller@example.com,True,9277423329,Good,False
EMP1228,Grace,Smith,35,False,Admin,Florida,Pending,2022-10-15,75714.28,False,grace.smith@example.com,True,5912662014,Good,True
EMP1229,Eva,Jones,25,False,DevOps,Florida,Active,2022-05-31,92171.73,False,eva.jones@example.com,True,7201859625,Poor,False
EMP1230,Eva,Miller,35,False,Cloud Tech,Texas,Inactive,2023-09-15,70694.8,False,eva.miller@example.com,True,3013674925,Average,True
EMP1231,Grace,Brown,30,False,DevOps,Florida,Inactive,2022-07-04,52964.86,False,grace.brown@example.com,True,1764750110,Good,True
EMP1232,Frank,Brown,35,True,Finance,California,Pending,2024-06-08,116353.31,False,frank.brown@example.com,True,1783099973,Poor,True
EMP1233,Grace,Brown,35,False,Sales,Nevada,Pending,2020-11-23,116695.26,False,grace.brown@example.com,True,1926764920,Good,False
EMP1234,Heidi,Brown,25,False,Admin,Texas,Active,2024-05-13,95161.4,False,heidi.brown@example.com,True,5182606887,Excellent,False
EMP1235,Alice,Brown,30,True,Admin,Nevada,Inactive,2022-01-29,76040.94,False,alice.brown@example.com,True,7189813128,Good,True
EMP1236,Charlie,Miller,30,True,HR,Florida,Inactive,2023-08-23,69508.28,False,charlie.miller@example.com,True,2087510292,Good,False
EMP1237,Alice,Miller,30,False,Finance,Illinois,Inactive,2023-02-24,58243.27,False,alice.miller@example.com,True,2184011844,Average,False
EMP1238,Heidi,Williams,30,False,Sales,California,Pending,2022-10-02,64012.48,False,heidi.williams@example.com,True,8260340847,Poor,True
EMP1239,Bob,Garcia,40,False,Admin,Nevada,Inactive,2020-06-28,106735.93,False,bob.garcia@example.com,True,7297585987,Average,True
EMP1240,Frank,Johnson,35,False,DevOps,Texas,Pending,2023-01-15,70325.36,False,frank.johnson@example.com,True,3103032431,Average,False
EMP1241,Charlie,Davis,30,False,HR,Illinois,Active,2020-09-05,118959.28,False,charlie.davis@example.com,True,9839542960,Average,True
EMP1242,David,Brown,40,False,Cloud Tech,California,Pending,2023-03-18,75823.78,False,david.brown@example.com,True,8446267145,Average,False
EMP1243,Charlie,Smith,30,True,Cloud Tech,Texas,Inactive,2022-03-26,119971.65,False,charlie.smith@example.com,True,2831435988,Average,False
EMP1244,Grace,Davis,40,False,Sales,Texas,Active,2021-10-11,94963.7,False,grace.davis@example.com,True,2625660930,Good,False
EMP1245,Frank,Miller,30,False,Sales,Nevada,Pending,2021-01-07,103744.71,False,frank.miller@example.com,True,4181861514,Average,False
EMP1246,Alice,Smith,25,False,Sales,New York,Inactive,2020-12-03,61337.69,False,alice.smith@example.com,True,5423401635,Average,True
EMP1247,David,Smith,35,False,Sales,California,Active,2021-05-28,63741.13,False,david.smith@example.com,True,1128497184,Poor,True
EMP1248,Eva,Smith,30,False,DevOps,California,Pending,2022-12-28,56539.99,False,eva.smith@example.com,True,9484910255,Excellent,True
EMP1249,Charlie,Williams,30,False,DevOps,Illinois,Pending,2023-05-24,73633.37,False,charlie.williams@example.com,True,2588967923,Good,True
EMP1250,Alice,Miller,25,False,Cloud Tech,Texas,Pending,2024-04-28,90373.99,False,alice.miller@example.com,True,822269404,Good,False
EMP1251,Grace,Smith,32,True,DevOps,Texas,Inactive,2024-12-25,93901.48,False,grace.smith@example.com,True,3967275783,Good,False
EMP1252,Eva,Brown,40,False,Admin,Nevada,Inactive,2021-09-01,81748.09,False,eva.brown@example.com,True,4683414650,Average,True
EMP1253,Charlie,Jones,40,False,Finance,Florida,Inactive,2021-02-21,73813.48,False,charlie.jones@example.com,True,1131290147,Average,False
EMP1254,Frank,Smith,35,False,Finance,New York,Inactive,2022-11-20,89315.59,False,frank.smith@example.com,True,7068277880,Average,False
EMP1255,Heidi,Williams,25,False,HR,Florida,Active,2020-10-15,56776.82,False,heidi.williams@example.com,True,6093068537,Poor,False
EMP1256,Grace,Davis,35,True,Finance,New York,Active,2024-07-24,72920.51,False,grace.davis@example.com,True,9097283214,Excellent,True
EMP1257,Frank,Miller,30,False,Admin,Florida,Pending,2022-08-14,84913.18,False,frank.miller@example.com,True,2850676250,Average,True
EMP1258,Alice,Garcia,25,False,Finance,Illinois,Inactive,2021-05-08,65060.11,False,alice.garcia@example.com,True,5381447442,Excellent,True
EMP1259,Alice,Williams,35,False,Finance,Illinois,Pending,2023-10-09,82941.08,False,alice.williams@example.com,True,963480796,Poor,False
EMP1260,Bob,Smith,40,False,Admin,California,Pending,2022-01-19,103469.97,False,bob.smith@example.com,True,509754509,Good,True
EMP1261,Grace,Miller,25,False,Sales,Illinois,Active,2022-01-12,88725.6,False,grace.miller@example.com,True,5265016730,Average,True
EMP1262,Heidi,Jones,30,True,HR,Illinois,Pending,2023-06-05,58316.77,False,heidi.jones@example.com,True,8826170242,Excellent,True
EMP1263,Grace,Smith,35,False,HR,Illinois,Inactive,2024-03-26,60098.72,False,grace.smith@example.com,True,7654562840,Excellent,True
EMP1264,Grace,Williams,30,True,Cloud Tech,Texas,Active,2020-10-07,99951.43,False,grace.williams@example.com,True,7722560530,Average,True
EMP1265,Heidi,Johnson,30,False,Sales,Illinois,Active,2021-11-02,115195.81,False,heidi.johnson@example.com,True,3402665022,Good,True
EMP1266,Grace,Brown,32,True,DevOps,California,Pending,2021-11-19,85512.05,False,grace.brown@example.com,True,7416787255,Good,False
EMP1267,Heidi,Garcia,30,True,HR,Florida,Active,2022-01-24,73186.77,False,heidi.garcia@example.com,True,8621102257,Good,False
EMP1268,Grace,Davis,30,True,HR,Nevada,Pending,2023-07-12,51865.3,False,grace.davis@example.com,True,305690673,Poor,True
EMP1269,David,Williams,25,False,Sales,Florida,Active,2022-12-09,94031.77,False,david.williams@example.com,True,4716392822,Excellent,True
EMP1270,Grace,Miller,30,False,DevOps,New York,Active,2023-03-18,116374.36,False,grace.miller@example.com,True,4143637188,Excellent,False
EMP1271,Alice,Garcia,40,False,HR,Florida,Active,2022-04-25,98335.02,False,alice.garcia@example.com,True,2392312603,Excellent,False
EMP1272,Heidi,Garcia,25,False,DevOps,New York,Pending,2021-02-28,89262.07,False,heidi.garcia@example.com,True,3260931065,Poor,True
EMP1273,Heidi,Garcia,35,True,Finance,California,Active,2022-07-30,113848.69,False,heidi.garcia@example.com,True,8433567085,Excellent,True
EMP1274,Frank,Smith,35,False,Sales,Florida,Active,2021-05-19,69530.45,False,frank.smith@example.com,True,414545634,Poor,True
EMP1275,Eva,Brown,35,False,DevOps,New York,Pending,2023-12-14,84230.22,False,eva.brown@example.com,True,200053473,Good,True
EMP1276,Eva,Smith,35,False,Cloud Tech,Illinois,Pending,2023-01-17,76578.59,False,eva.smith@example.com,True,9162475540,Average,False
EMP1277,Frank,Miller,30,False,HR,Texas,Inactive,2024-01-02,55532.06,False,frank.miller@example.com,True,1082555988,Excellent,True
EMP1278,Eva,Smith,40,False,Admin,New York,Pending,2021-07-09,115311.68,False,eva.smith@example.com,True,5343961128,Excellent,True
EMP1279,Charlie,Johnson,25,False,Sales,Nevada,Pending,2021-05-05,66972.06,False,charlie.johnson@example.com,True,1093371188,Good,True
EMP1280,David,Brown,30,False,Cloud Tech,Texas,Inactive,2021-11-07,100215.06,False,david.brown@example.com,True,5473820235,Average,True
EMP1281,Charlie,Brown,25,False,Sales,New York,Inactive,2023-08-30,115452.25,False,charlie.brown@example.com,True,8485571616,Poor,False
EMP1282,Heidi,Miller,30,False,HR,California,Inactive,2023-08-15,54141.38,False,heidi.miller@example.com,True,6880294239,Average,False
EMP1283,David,Davis,32,True,DevOps,Nevada,Active,2020-12-24,79251.95,False,david.davis@example.com,True,9036788126,Good,False
EMP1284,Alice,Johnson,40,False,Finance,New York,Pending,2024-11-21,114822.78,False,alice.johnson@example.com,True,8686694319,Good,True
EMP1285,Alice,Williams,35,False,Sales,Illinois,Active,2021-11-17,69919.32,False,alice.williams@example.com,True,2939087883,Average,True
EMP1286,Heidi,Smith,30,False,Sales,Florida,Inactive,2021-01-29,106616.97,False,heidi.smith@example.com,True,4344812307,Poor,False
EMP1287,Heidi,Jones,35,False,DevOps,New York,Active,2024-02-17,73597.85,False,heidi.jones@example.com,True,3402424032,Poor,True
EMP1288,David,Smith,30,False,Sales,Nevada,Inactive,2024-08-20,79939.23,False,david.smith@example.com,True,8105955183,Excellent,True
EMP1289,Grace,Garcia,25,False,Admin,New York,Inactive,2021-10-24,,True,grace.garcia@example.com,True,2694500533,Poor,False
EMP1290,Grace,Smith,30,False,Finance,California,Inactive,2021-09-10,90772.25,False,grace.smith@example.com,True,2408916497,Average,False
EMP1291,Eva,Williams,35,False,DevOps,New York,Active,2023-09-29,58275.74,False,eva.williams@example.com,True,3735439626,Good,False
EMP1292,Grace,Smith,32,True,DevOps,California,Pending,2020-08-28,94709.79,False,grace.smith@example.com,True,3652717271,Excellent,False
EMP1293,Frank,Johnson,30,True,Admin,New York,Active,2022-09-06,60722.99,False,frank.johnson@example.com,True,2397240421,Excellent,True
EMP1294,Frank,Johnson,40,False,DevOps,Illinois,Inactive,2024-03-31,87626.24,False,frank.johnson@example.com,True,6931216375,Good,True
EMP1295,David,Brown,30,False,DevOps,Illinois,Active,2022-12-12,81272.36,False,david.brown@example.com,True,1820916600,Poor,False
EMP1296,Bob,Miller,30,True,Cloud Tech,Texas,Pending,2022-11-01,64150.97,False,bob.miller@example.com,True,23142899,Good,True
EMP1297,Charlie,Davis,35,False,Sales,Florida,Active,2023-10-25,64378.1,False,charlie.davis@example.com,True,1851327971,Poor,False
EMP1298,Bob,Jones,35,True,Finance,Texas,Inactive,2020-09-27,85927.35,False,bob.jones@example.com,True,4572308480,Good,False
EMP1299,Alice,Garcia,35,True,Finance,Nevada,Inactive,2024-01-21,51523.93,False,alice.garcia@example.com,True,18418619,Average,True
EMP1300,Alice,Smith,30,False,Sales,Texas,Active,2022-05-17,74117.02,False,alice.smith@example.com,True,3036625435,Poor,False
EMP1301,Alice,Smith,25,False,Finance,Texas,Inactive,2022-04-17,62598.69,False,alice.smith@example.com,True,1721314518,Average,True
EMP1302,Grace,Williams,35,False,Finance,Florida,Inactive,2022-02-08,55617.5,False,grace.williams@example.com,True,5151092267,Excellent,True
EMP1303,Charlie,Miller,35,False,Cloud Tech,New York,Pending,2022-03-15,87018.98,False,charlie.miller@example.com,True,5926249450,Good,True
EMP1304,David,Johnson,25,False,Cloud Tech,California,Inactive,2023-10-11,100336.58,False,david.johnson@example.com,True,4754102251,Excellent,True
EMP1305,Grace,Jones,30,False,Admin,Florida,Inactive,2020-11-13,69295.48,False,grace.jones@example.com,True,6771196420,Excellent,False
EMP1306,Bob,Brown,25,False,DevOps,Florida,Pending,2024-04-17,115536.66,False,bob.brown@example.com,True,5226557675,Excellent,True
EMP1307,David,Johnson,30,False,Cloud Tech,Texas,Pending,2020-03-09,81250.87,False,david.johnson@example.com,True,9523668787,Excellent,False
EMP1308,Alice,Garcia,30,False,DevOps,Texas,Inactive,2022-06-17,66403.75,False,alice.garcia@example.com,True,7883619688,Good,False
EMP1309,Alice,Miller,30,False,Sales,California,Active,2024-07-28,114147.79,False,alice.miller@example.com,True,3135030586,Excellent,False
EMP1310,Frank,Garcia,30,False,HR,New York,Pending,2022-12-03,65472.99,False,frank.garcia@example.com,True,2105524727,Good,False
EMP1311,Alice,Davis,30,True,Sales,Nevada,Active,2023-07-06,97512.51,False,alice.davis@example.com,True,6333021259,Good,True
EMP1312,Alice,Brown,35,False,DevOps,Nevada,Inactive,2024-05-28,86712.41,False,alice.brown@example.com,True,6501917919,Average,True
EMP1313,Grace,Davis,30,False,HR,Florida,Active,2024-03-25,87654.98,False,grace.davis@example.com,True,2521310961,Poor,False
EMP1314,David,Williams,35,False,DevOps,New York,Inactive,2020-04-28,89367.02,False,david.williams@example.com,True,2728476569,Poor,False
EMP1315,Charlie,Garcia,40,False,Admin,California,Active,2021-11-07,95269.41,False,charlie.garcia@example.com,True,4120092819,Good,True
EMP1316,Frank,Williams,25,False,Sales,Nevada,Active,2020-04-15,68792.31,False,frank.williams@example.com,True,6678498435,Average,False
EMP1317,Alice,Smith,25,False,Admin,Illinois,Pending,2023-10-07,89119.53,False,alice.smith@example.com,True,2418623689,Good,True
EMP1318,Frank,Davis,35,False,Cloud Tech,New York,Active,2024-02-27,58212.13,False,frank.davis@example.com,True,3628917755,Good,False
EMP1319,Heidi,Miller,30,False,DevOps,Illinois,Pending,2021-02-22,77764.24,False,heidi.miller@example.com,True,6205634110,Good,True
EMP1320,Frank,Garcia,35,False,Finance,Florida,Pending,2023-08-21,75148.17,False,frank.garcia@example.com,True,5950342810,Average,False
EMP1321,Heidi,Jones,40,False,Cloud Tech,Nevada,Inactive,2024-04-08,108781.18,False,heidi.jones@example.com,True,3904383033,Poor,False
EMP1322,Frank,Brown,35,False,Finance,Texas,Pending,2024-11-04,65489.19,False,frank.brown@example.com,True,1990970050,Average,True
EMP1323,Eva,Johnson,30,True,Sales,Illinois,Pending,2022-05-05,70663.46,False,eva.johnson@example.com,True,4054683564,Excellent,False
EMP1324,David,Miller,40,False,Sales,New York,Inactive,2023-02-01,95822.56,False,david.miller@example.com,True,2156818208,Average,False
EMP1325,Eva,Miller,40,False,DevOps,Nevada,Pending,2022-10-01,82258.03,False,eva.miller@example.com,True,6790422710,Average,True
EMP1326,Frank,Williams,30,False,Admin,Nevada,Pending,2022-09-27,62883.34,False,frank.williams@example.com,True,3322889856,Average,False
EMP1327,Alice,Davis,30,True,Cloud Tech,Texas,Pending,2020-04-09,103503.72,False,alice.davis@example.com,True,2545960632,Average,True
EMP1328,David,Garcia,25,False,DevOps,New York,Active,2021-03-23,85401.3,False,david.garcia@example.com,True,9912971023,Poor,True
EMP1329,Heidi,Garcia,40,False,Cloud Tech,Texas,Pending,2023-02-03,,True,heidi.garcia@example.com,True,8171752420,Excellent,False
EMP1330,Eva,Smith,30,True,HR,Texas,Pending,2024-07-23,98850.14,False,eva.smith@example.com,True,4955112746,Poor,False
EMP1331,Charlie,Smith,25,False,Cloud Tech,Illinois,Active,2021-05-08,63435.24,False,charlie.smith@example.com,True,4721970545,Poor,False
EMP1332,Frank,Brown,35,False,Finance,Texas,Inactive,2022-04-11,82129.84,False,frank.brown@example.com,True,6927589550,Average,False
EMP1333,David,Williams,35,False,DevOps,Texas,Pending,2024-10-23,95492.61,False,david.williams@example.com,True,6874090379,Good,False
EMP1334,Grace,Miller,40,False,Finance,Illinois,Inactive,2020-04-24,94572.37,False,grace.miller@example.com,True,2146296135,Good,False
EMP1335,Bob,Garcia,40,False,Finance,Nevada,Inactive,2023-03-04,118413.05,False,bob.garcia@example.com,True,7157787111,Poor,False
EMP1336,Alice,Jones,30,False,Admin,Nevada,Pending,2022-08-31,68976.65,False,alice.jones@example.com,True,1663651558,Poor,True
EMP1337,Eva,Williams,30,True,Sales,Nevada,Active,2021-01-02,115013.65,False,eva.williams@example.com,True,7371470826,Average,False
EMP1338,David,Brown,30,True,Admin,Nevada,Inactive,2020-06-06,70949.38,False,david.brown@example.com,True,2359096055,Poor,True
EMP1339,Grace,Brown,30,True,HR,Florida,Pending,2020-10-13,105334.87,False,grace.brown@example.com,True,7303064420,Average,False
EMP1340,Bob,Williams,32,True,DevOps,California,Active,2020-07-19,80596.18,False,bob.williams@example.com,True,2146147682,Good,False
EMP1341,Frank,Brown,30,True,Sales,Illinois,Inactive,2024-05-03,72846.37,False,frank.brown@example.com,True,4201654234,Good,True
EMP1342,Heidi,Williams,40,False,Admin,California,Pending,2022-02-07,80229.36,False,heidi.williams@example.com,True,6778265959,Excellent,False
EMP1343,Grace,Johnson,25,False,Sales,California,Active,2023-12-31,55145.47,False,grace.johnson@example.com,True,8931992549,Good,False
EMP1344,Grace,Williams,30,False,DevOps,Florida,Inactive,2022-01-08,,True,grace.williams@example.com,True,2727516479,Poor,True
EMP1345,Eva,Davis,40,False,HR,California,Active,2020-09-28,56110.81,False,eva.davis@example.com,True,7279103367,Good,False
EMP1346,Grace,Williams,25,False,Cloud Tech,Texas,Inactive,2023-02-09,56514.5,False,grace.williams@example.com,True,2963533904,Average,False
EMP1347,Frank,Brown,40,False,Cloud Tech,California,Inactive,2022-03-05,104541.84,False,frank.brown@example.com,True,5044817765,Good,False
EMP1348,David,Garcia,30,True,Sales,New York,Pending,2022-02-18,61865.12,False,david.garcia@example.com,True,5586851275,Excellent,True
EMP1349,Eva,Davis,40,False,Admin,Texas,Active,2022-06-09,69317.33,False,eva.davis@example.com,True,5289286645,Good,False
EMP1350,Bob,Brown,35,False,HR,New York,Pending,2023-07-04,84706.17,False,bob.brown@example.com,True,4911110960,Average,False
EMP1351,Heidi,Smith,25,False,Admin,California,Active,2022-03-21,73255.21,False,heidi.smith@example.com,True,7981789045,Average,False
EMP1352,Frank,Smith,40,False,HR,Florida,Pending,2023-05-02,59528.71,False,frank.smith@example.com,True,3378613714,Poor,False
EMP1353,David,Garcia,40,False,HR,New York,Inactive,2021-10-15,70401.37,False,david.garcia@example.com,True,7660538443,Good,True
EMP1354,Heidi,Garcia,30,True,Admin,California,Inactive,2021-07-28,107154.62,False,heidi.garcia@example.com,True,4630600024,Average,True
EMP1355,Bob,Davis,30,True,Admin,Illinois,Pending,2021-01-03,97719.88,False,bob.davis@example.com,True,8955296385,Excellent,False
EMP1356,Heidi,Johnson,30,False,Finance,California,Pending,2020-05-21,107327.59,False,heidi.johnson@example.com,True,3960962625,Poor,False
EMP1357,Grace,Garcia,40,False,Admin,Nevada,Inactive,2021-05-10,67687.72,False,grace.garcia@example.com,True,5826312818,Excellent,True
EMP1358,Grace,Smith,40,False,Cloud Tech,Florida,Pending,2022-09-08,90757.08,False,grace.smith@example.com,True,6482531105,Good,True
EMP1359,Grace,Williams,30,True,Cloud Tech,California,Pending,2024-07-21,87583.42,False,grace.williams@example.com,True,920981959,Good,False
EMP1360,Bob,Brown,25,False,Admin,Nevada,Pending,2021-12-28,61643.69,False,bob.brown@example.com,True,2752334382,Good,True
EMP1361,Grace,Smith,35,False,Finance,Texas,Active,2020-07-20,68111.69,False,grace.smith@example.com,True,6404120910,Poor,False
EMP1362,David,Smith,40,False,HR,Florida,Inactive,2024-04-30,97568.88,False,david.smith@example.com,True,7911244210,Average,True
EMP1363,Charlie,Johnson,35,False,Cloud Tech,Florida,Active,2021-08-28,79118.28,False,charlie.johnson@example.com,True,7536170616,Poor,True
EMP1364,Bob,Davis,30,False,HR,California,Inactive,2022-07-21,104898.9,False,bob.davis@example.com,True,1366572239,Excellent,True
EMP1365,Frank,Davis,40,False,Cloud Tech,Florida,Pending,2023-11-27,81671.3,False,frank.davis@example.com,True,2990155798,Poor,True
EMP1366,Alice,Miller,25,False,Cloud Tech,California,Pending,2020-08-11,97399.75,False,alice.miller@example.com,True,8028413907,Excellent,False
EMP1367,David,Johnson,30,True,Admin,Illinois,Active,2021-11-08,89189.43,False,david.johnson@example.com,True,882351304,Poor,True
EMP1368,David,Williams,40,False,DevOps,New York,Active,2023-08-04,96011.55,False,david.williams@example.com,True,2312447314,Average,True
EMP1369,David,Davis,40,False,Sales,Florida,Inactive,2020-01-10,99331.49,False,david.davis@example.com,True,8477686341,Excellent,False
EMP1370,Bob,Brown,30,True,Cloud Tech,Illinois,Active,2022-01-19,72818.94,False,bob.brown@example.com,True,3461994236,Good,True
EMP1371,Eva,Garcia,40,False,Sales,Nevada,Inactive,2023-05-07,77204.75,False,eva.garcia@example.com,True,6769459195,Good,True
EMP1372,Bob,Johnson,35,False,HR,Florida,Pending,2020-12-19,106961.68,False,bob.johnson@example.com,True,6395517207,Poor,False
EMP1373,Eva,Garcia,30,True,Sales,Texas,Pending,2020-10-01,71923.0,False,eva.garcia@example.com,True,4964985600,Good,True
EMP1374,Bob,Smith,30,False,HR,Nevada,Active,2022-11-12,77192.43,False,bob.smith@example.com,True,2562531354,Excellent,False
EMP1375,Grace,Brown,40,False,Admin,Florida,Pending,2023-01-05,98540.3,False,grace.brown@example.com,True,2510505378,Good,False
EMP1376,Charlie,Brown,30,True,Admin,Florida,Inactive,2020-10-14,63096.9,False,charlie.brown@example.com,True,5381649382,Average,False
EMP1377,Alice,Smith,35,False,Cloud Tech,Florida,Active,2021-02-03,107065.12,False,alice.smith@example.com,True,1849196654,Average,False
EMP1378,Heidi,Johnson,40,False,DevOps,Florida,Inactive,2023-12-25,108792.43,False,heidi.johnson@example.com,True,3307704610,Poor,True
EMP1379,Bob,Smith,30,True,Cloud Tech,New York,Inactive,2020-03-07,69239.7,False,bob.smith@example.com,True,7295963903,Excellent,False
EMP1380,Charlie,Garcia,40,False,Sales,Nevada,Inactive,2023-01-30,85756.42,False,charlie.garcia@example.com,True,907426087,Average,True
EMP1381,Eva,Miller,30,True,HR,Illinois,Active,2024-04-05,100328.62,False,eva.miller@example.com,True,501716444,Average,True
EMP1382,Grace,Brown,25,False,DevOps,Nevada,Active,2021-09-01,111236.69,False,grace.brown@example.com,True,5618579063,Excellent,True
EMP1383,Eva,Jones,35,False,Cloud Tech,Florida,Active,2024-05-07,106832.22,False,eva.jones@example.com,True,7715910299,Good,True
EMP1384,Frank,Jones,32,True,DevOps,Florida,Active,2023-06-15,59746.45,False,frank.jones@example.com,True,2156321357,Good,True
EMP1385,David,Garcia,25,False,Sales,California,Pending,2021-07-29,91780.04,False,david.garcia@example.com,True,40104144,Poor,True
EMP1386,Eva,Williams,35,False,Sales,California,Pending,2023-10-23,107062.66,False,eva.williams@example.com,True,9642297124,Good,True
EMP1387,Grace,Davis,25,False,HR,Nevada,Active,2023-12-07,110625.52,False,grace.davis@example.com,True,2967188396,Excellent,True
EMP1388,Frank,Smith,30,False,DevOps,Florida,Inactive,2020-10-18,90419.79,False,frank.smith@example.com,True,7457314414,Average,True
EMP1389,Grace,Smith,40,False,Finance,Texas,Pending,2024-06-15,111608.76,False,grace.smith@example.com,True,8331170302,Good,True
EMP1390,Eva,Williams,35,False,Finance,Florida,Inactive,2023-04-06,50173.12,False,eva.williams@example.com,True,7637153987,Poor,False
EMP1391,Bob,Williams,40,False,DevOps,Nevada,Pending,2022-01-03,109507.44,False,bob.williams@example.com,True,5472812355,Good,False
EMP1392,Grace,Garcia,30,False,Finance,New York,Inactive,2021-07-03,72600.56,False,grace.garcia@example.com,True,7983631461,Excellent,False
EMP1393,Charlie,Garcia,35,True,Finance,California,Pending,2024-04-10,53388.65,False,charlie.garcia@example.com,True,4912711306,Poor,True
EMP1394,Heidi,Williams,25,False,Cloud Tech,New York,Inactive,2022-07-23,50047.32,False,heidi.williams@example.com,True,2407875417,Good,False
EMP1395,David,Brown,30,False,DevOps,California,Active,2024-11-25,115290.79,False,david.brown@example.com,True,1563268684,Poor,False
EMP1396,Frank,Garcia,35,False,Cloud Tech,California,Pending,2023-08-21,61586.76,False,frank.garcia@example.com,True,745106633,Excellent,False
EMP1397,Eva,Miller,30,False,Finance,Nevada,Active,2023-12-12,56662.86,False,eva.miller@example.com,True,3629489785,Average,True
EMP1398,Bob,Garcia,30,False,Sales,New York,Pending,2023-10-24,,True,bob.garcia@example.com,True,1031310093,Excellent,True
EMP1399,Frank,Smith,25,False,Finance,Nevada,Active,2022-09-05,54957.98,False,frank.smith@example.com,True,3181439665,Excellent,True
EMP1400,Bob,Garcia,25,False,HR,California,Inactive,2020-10-07,76790.47,False,bob.garcia@example.com,True,1347323548,Excellent,True
EMP1401,Charlie,Brown,30,False,Cloud Tech,Illinois,Pending,2020-01-18,92722.35,False,charlie.brown@example.com,True,4012897431,Excellent,False
EMP1402,Frank,Williams,30,False,DevOps,Nevada,Active,2022-04-23,93125.32,False,frank.williams@example.com,True,5122572075,Average,False
EMP1403,David,Smith,25,False,Cloud Tech,New York,Active,2023-04-22,101100.64,False,david.smith@example.com,True,5024120956,Average,False
EMP1404,Grace,Garcia,35,False,Admin,New York,Inactive,2023-08-13,55897.41,False,grace.garcia@example.com,True,9073710093,Poor,False
EMP1405,Eva,Brown,25,False,DevOps,California,Active,2022-11-26,92484.88,False,eva.brown@example.com,True,3882211456,Good,True
EMP1406,Grace,Miller,35,False,DevOps,Texas,Active,2022-10-10,77011.99,False,grace.miller@example.com,True,7584745704,Average,True
EMP1407,Bob,Garcia,30,True,Cloud Tech,California,Inactive,2020-09-27,77078.68,False,bob.garcia@example.com,True,4589714801,Average,True
EMP1408,Grace,Brown,35,False,Sales,Nevada,Active,2024-04-11,82971.02,False,grace.brown@example.com,True,6325703964,Good,False
EMP1409,Bob,Miller,25,False,Sales,Texas,Active,2021-06-20,65102.01,False,bob.miller@example.com,True,3136148781,Average,True
EMP1410,Grace,Williams,30,True,HR,Nevada,Pending,2022-10-23,103697.7,False,grace.williams@example.com,True,4556964429,Excellent,True
EMP1411,Grace,Garcia,25,False,DevOps,Illinois,Pending,2023-06-15,60687.63,False,grace.garcia@example.com,True,9859167953,Excellent,False
EMP1412,Bob,Miller,30,True,Admin,New York,Pending,2021-10-31,77351.21,False,bob.miller@example.com,True,1072728497,Good,False
EMP1413,Bob,Smith,35,False,DevOps,Florida,Pending,2024-09-29,66704.62,False,bob.smith@example.com,True,2474140702,Poor,True
EMP1414,Grace,Williams,25,False,Finance,Illinois,Pending,2020-04-22,71650.3,False,grace.williams@example.com,True,4910740649,Poor,True
EMP1415,Charlie,Smith,25,False,Cloud Tech,Nevada,Active,2023-12-07,50794.54,False,charlie.smith@example.com,True,425488213,Good,True
EMP1416,Frank,Jones,30,True,Sales,Nevada,Inactive,2020-12-07,76030.86,False,frank.jones@example.com,True,2369143074,Good,True
EMP1417,Eva,Johnson,25,False,Cloud Tech,California,Inactive,2021-07-11,86669.79,False,eva.johnson@example.com,True,3666144941,Excellent,True
EMP1418,Bob,Garcia,40,False,Finance,Illinois,Inactive,2020-04-23,84972.7,False,bob.garcia@example.com,True,9659234267,Poor,True
EMP1419,Frank,Miller,30,False,HR,Texas,Pending,2023-10-12,100594.49,False,frank.miller@example.com,True,3441497825,Average,False
EMP1420,Alice,Johnson,25,False,Cloud Tech,New York,Active,2022-08-24,75478.35,False,alice.johnson@example.com,True,6128758574,Excellent,False
EMP1421,Charlie,Johnson,25,False,Sales,Nevada,Pending,2023-09-04,79355.85,False,charlie.johnson@example.com,True,6766708060,Good,False
EMP1422,Grace,Miller,35,False,HR,Texas,Pending,2022-02-02,58358.07,False,grace.miller@example.com,True,2943985297,Poor,True
EMP1423,Alice,Williams,30,False,Admin,Illinois,Active,2022-04-01,54824.85,False,alice.williams@example.com,True,9406260786,Average,False
EMP1424,Eva,Garcia,35,False,HR,Texas,Pending,2022-07-24,50557.84,False,eva.garcia@example.com,True,104159148,Average,True
EMP1425,Eva,Jones,30,True,Admin,Florida,Inactive,2023-04-26,118030.04,False,eva.jones@example.com,True,7501980381,Excellent,True
EMP1426,David,Smith,30,True,Admin,New York,Active,2022-04-19,51673.72,False,david.smith@example.com,True,8723244078,Poor,False
EMP1427,Alice,Brown,35,False,Cloud Tech,Nevada,Inactive,2024-10-04,101665.79,False,alice.brown@example.com,True,3110291812,Poor,True
EMP1428,David,Smith,30,True,Admin,Florida,Inactive,2020-05-02,118079.15,False,david.smith@example.com,True,3170876013,Good,True
EMP1429,Eva,Brown,25,False,Cloud Tech,New York,Pending,2022-04-25,99059.28,False,eva.brown@example.com,True,6723849790,Poor,False
EMP1430,Bob,Smith,30,True,Cloud Tech,Illinois,Active,2023-07-29,107397.4,False,bob.smith@example.com,True,6202232882,Poor,False
EMP1431,Alice,Miller,40,False,DevOps,New York,Active,2021-08-20,68269.37,False,alice.miller@example.com,True,7744197545,Excellent,False
EMP1432,Grace,Jones,35,False,HR,Florida,Inactive,2021-04-23,55228.12,False,grace.jones@example.com,True,6176620470,Poor,True
EMP1433,Bob,Garcia,30,False,Cloud Tech,New York,Inactive,2022-08-12,71982.33,False,bob.garcia@example.com,True,9609409704,Average,False
EMP1434,Frank,Brown,30,False,Finance,California,Inactive,2021-06-26,109673.75,False,frank.brown@example.com,True,2774025882,Excellent,False
EMP1435,Eva,Garcia,30,True,Cloud Tech,New York,Inactive,2020-10-30,56384.9,False,eva.garcia@example.com,True,5868122594,Excellent,True
EMP1436,Frank,Garcia,40,False,Sales,Texas,Pending,2021-09-04,68211.68,False,frank.garcia@example.com,True,7244617678,Good,False
EMP1437,Alice,Garcia,40,False,Finance,Illinois,Pending,2023-01-31,67489.68,False,alice.garcia@example.com,True,2988425994,Poor,False
EMP1438,Charlie,Davis,25,False,Cloud Tech,Texas,Active,2020-09-24,63869.31,False,charlie.davis@example.com,True,9961002310,Good,False
EMP1439,Bob,Williams,30,True,Sales,California,Active,2020-02-14,119801.3,False,bob.williams@example.com,True,7753312660,Average,True
EMP1440,Heidi,Smith,30,False,Cloud Tech,California,Active,2020-03-28,115959.65,False,heidi.smith@example.com,True,941017589,Excellent,True
EMP1441,Grace,Garcia,40,False,Finance,Texas,Inactive,2023-10-31,79866.48,False,grace.garcia@example.com,True,2517629832,Excellent,True
EMP1442,Charlie,Smith,35,False,HR,Florida,Active,2020-03-11,92987.46,False,charlie.smith@example.com,True,4774332682,Excellent,True
EMP1443,Eva,Garcia,40,False,Finance,Illinois,Inactive,2020-05-04,56140.51,False,eva.garcia@example.com,True,1901302055,Average,False
EMP1444,Grace,Brown,30,False,DevOps,Illinois,Active,2023-07-15,119586.11,False,grace.brown@example.com,True,9815287338,Average,True
EMP1445,Alice,Williams,40,False,DevOps,California,Inactive,2023-01-20,104700.46,False,alice.williams@example.com,True,7855982175,Good,True
EMP1446,Frank,Williams,40,False,HR,New York,Active,2021-10-15,91798.14,False,frank.williams@example.com,True,6191284116,Good,False
EMP1447,Eva,Miller,25,False,Finance,Illinois,Inactive,2024-04-19,90879.22,False,eva.miller@example.com,True,3098503445,Good,False
EMP1448,Charlie,Davis,25,False,Admin,Nevada,Active,2021-06-29,87358.27,False,charlie.davis@example.com,True,5124189388,Poor,False
EMP1449,Alice,Miller,30,False,Sales,Florida,Inactive,2024-09-14,119407.93,False,alice.miller@example.com,True,8469081973,Excellent,True
EMP1450,David,Miller,30,True,HR,Nevada,Pending,2022-01-04,113978.6,False,david.miller@example.com,True,56435022,Excellent,True
EMP1451,Frank,Miller,30,True,Sales,New York,Pending,2021-01-20,108568.78,False,frank.miller@example.com,True,8503719904,Good,True
EMP1452,Heidi,Miller,30,True,HR,New York,Inactive,2020-03-18,56318.02,False,heidi.miller@example.com,True,1699187239,Excellent,False
EMP1453,David,Miller,25,False,Sales,Florida,Active,2021-11-10,114252.73,False,david.miller@example.com,True,1078356742,Good,False
EMP1454,Charlie,Jones,35,False,DevOps,New York,Inactive,2020-05-01,51533.9,False,charlie.jones@example.com,True,3896086,Poor,True
EMP1455,Charlie,Williams,25,False,Sales,California,Active,2022-02-04,99317.66,False,charlie.williams@example.com,True,662668216,Poor,False
EMP1456,Bob,Miller,35,False,HR,California,Active,2020-11-18,101264.64,False,bob.miller@example.com,True,1955356032,Average,False
EMP1457,Heidi,Garcia,35,False,Admin,Nevada,Pending,2023-11-21,112272.02,False,heidi.garcia@example.com,True,1903689002,Poor,False
EMP1458,Frank,Williams,30,False,DevOps,Illinois,Active,2022-02-13,71477.63,False,frank.williams@example.com,True,102724054,Good,True
EMP1459,Charlie,Williams,30,False,DevOps,Texas,Pending,2023-03-19,77412.1,False,charlie.williams@example.com,True,9342967110,Poor,False
EMP1460,Alice,Johnson,30,False,Sales,California,Pending,2021-03-28,94775.27,False,alice.johnson@example.com,True,4837537457,Average,False
EMP1461,Heidi,Jones,30,False,HR,Nevada,Active,2021-05-02,74276.71,False,heidi.jones@example.com,True,4384588104,Excellent,True
EMP1462,Bob,Miller,35,False,Finance,Texas,Inactive,2021-03-05,67467.86,False,bob.miller@example.com,True,6974132833,Good,True
EMP1463,Eva,Smith,25,False,DevOps,Texas,Active,2022-03-01,80675.41,False,eva.smith@example.com,True,8315203770,Excellent,False
EMP1464,Charlie,Brown,40,False,Finance,Florida,Inactive,2023-01-23,76274.33,False,charlie.brown@example.com,True,704496409,Average,False
EMP1465,David,Davis,30,False,Finance,Texas,Active,2021-08-26,51405.46,False,david.davis@example.com,True,4967066702,Average,True
EMP1466,Bob,Garcia,25,False,HR,New York,Inactive,2020-11-25,101238.96,False,bob.garcia@example.com,True,3626804084,Average,True
EMP1467,Bob,Smith,35,False,Sales,Illinois,Inactive,2023-12-13,52169.52,False,bob.smith@example.com,True,954930595,Excellent,False
EMP1468,Charlie,Jones,35,True,Finance,New York,Active,2020-07-26,73176.62,False,charlie.jones@example.com,True,6018648768,Excellent,False
EMP1469,Grace,Brown,32,True,DevOps,Nevada,Pending,2021-06-27,96241.85,False,grace.brown@example.com,True,9842673203,Excellent,False
EMP1470,Bob,Jones,25,False,Finance,Illinois,Pending,2024-09-16,84366.38,False,bob.jones@example.com,True,4138459608,Excellent,False
EMP1471,Alice,Garcia,40,False,Cloud Tech,California,Pending,2023-07-04,92015.09,False,alice.garcia@example.com,True,4544901494,Average,True
EMP1472,Alice,Williams,30,False,Admin,Nevada,Inactive,2020-06-16,83149.95,False,alice.williams@example.com,True,4277070704,Average,False
EMP1473,Grace,Brown,40,False,Finance,Nevada,Inactive,2020-07-05,94930.65,False,grace.brown@example.com,True,7836091497,Good,False
EMP1474,Frank,Williams,40,False,HR,New York,Inactive,2020-04-01,68430.72,False,frank.williams@example.com,True,5172444722,Good,True
EMP1475,David,Garcia,35,False,Sales,Texas,Active,2024-03-20,98752.97,False,david.garcia@example.com,True,2290310286,Excellent,False
EMP1476,Frank,Smith,35,True,Finance,Illinois,Active,2023-02-07,54268.86,False,frank.smith@example.com,True,9508304404,Poor,True
EMP1477,Grace,Garcia,32,True,DevOps,Florida,Pending,2024-12-10,66494.94,False,grace.garcia@example.com,True,8093511870,Poor,False
EMP1478,Grace,Smith,25,False,Sales,Illinois,Pending,2024-06-27,90003.98,False,grace.smith@example.com,True,8133595615,Average,False
EMP1479,Charlie,Brown,25,False,Finance,New York,Active,2021-03-09,106592.25,False,charlie.brown@example.com,True,4205955656,Average,True
EMP1480,Grace,Brown,25,False,DevOps,Florida,Active,2024-08-11,93905.83,False,grace.brown@example.com,True,4902504289,Average,True
EMP1481,Eva,Miller,35,False,DevOps,Texas,Active,2022-03-05,88945.49,False,eva.miller@example.com,True,1935889535,Good,False
EMP1482,Eva,Jones,35,True,Finance,Texas,Pending,2023-06-30,91130.33,False,eva.jones@example.com,True,9026113988,Good,False
EMP1483,Bob,Miller,40,False,Admin,New York,Pending,2023-04-19,90787.4,False,bob.miller@example.com,True,8681809787,Average,False
EMP1484,Bob,Jones,25,False,Sales,Texas,Inactive,2024-11-11,87494.34,False,bob.jones@example.com,True,7543943534,Average,True
EMP1485,Grace,Miller,35,False,Finance,Nevada,Inactive,2023-03-17,92627.35,False,grace.miller@example.com,True,3751376514,Average,False
EMP1486,Eva,Williams,40,False,Admin,Illinois,Pending,2023-10-26,98556.29,False,eva.williams@example.com,True,8815793762,Poor,True
EMP1487,Frank,Brown,30,False,Cloud Tech,Nevada,Inactive,2021-07-04,112792.2,False,frank.brown@example.com,True,9283692943,Good,True
EMP1488,Eva,Smith,35,False,HR,Florida,Pending,2023-11-03,56875.22,False,eva.smith@example.com,True,5511668296,Poor,False
EMP1489,Charlie,Jones,35,False,DevOps,Florida,Inactive,2021-07-05,101015.96,False,charlie.jones@example.com,True,3270216486,Poor,True
EMP1490,Bob,Garcia,30,False,Finance,New York,Inactive,2024-02-26,83912.22,False,bob.garcia@example.com,True,1206021287,Average,False
EMP1491,Frank,Jones,25,False,Sales,New York,Active,2021-09-29,99669.86,False,frank.jones@example.com,True,6652683414,Average,False
EMP1492,Alice,Smith,30,False,Admin,New York,Active,2021-05-25,52314.97,False,alice.smith@example.com,True,5999101575,Excellent,False
EMP1493,Frank,Miller,30,False,HR,California,Inactive,2022-10-31,77785.96,False,frank.miller@example.com,True,7647229811,Excellent,False
EMP1494,Alice,Jones,30,False,HR,Florida,Pending,2022-07-02,62430.86,False,alice.jones@example.com,True,995765727,Poor,False
EMP1495,Frank,Davis,35,False,Admin,California,Pending,2024-08-28,98219.54,False,frank.davis@example.com,True,9413475097,Good,True
EMP1496,Grace,Williams,25,False,Admin,Illinois,Active,2024-10-21,65494.58,False,grace.williams@example.com,True,8986456521,Average,True
EMP1497,David,Brown,35,False,DevOps,Florida,Pending,2020-02-11,110524.1,False,david.brown@example.com,True,368499514,Average,False
EMP1498,Alice,Smith,40,False,Admin,Nevada,Active,2023-05-16,106060.54,False,alice.smith@example.com,True,4214477323,Poor,False
EMP1499,Eva,Brown,35,False,Finance,Florida,Inactive,2022-07-29,67639.91,False,eva.brown@example.com,True,4913421387,Excellent,True
EMP1500,Grace,Davis,30,True,Cloud Tech,Texas,Pending,2023-09-18,117653.98,False,grace.davis@example.com,True,2090883069,Good,True
EMP1501,Eva,Jones,35,False,DevOps,Texas,Inactive,2020-05-10,73539.86,False,eva.jones@example.com,True,5349678273,Excellent,True
EMP1502,Frank,Jones,35,False,HR,Nevada,Pending,2023-08-27,70915.38,False,frank.jones@example.com,True,1176741240,Excellent,True
EMP1503,David,Garcia,25,False,Sales,Florida,Pending,2021-10-16,97652.9,False,david.garcia@example.com,True,5131528546,Excellent,False
EMP1504,Heidi,Davis,35,False,HR,Florida,Inactive,2022-03-06,101571.25,False,heidi.davis@example.com,True,8150618537,Excellent,False
EMP1505,David,Smith,35,False,DevOps,Nevada,Active,2023-11-06,87424.46,False,david.smith@example.com,True,32963346,Average,True
EMP1506,Frank,Garcia,30,True,HR,New York,Pending,2024-11-30,89077.36,False,frank.garcia@example.com,True,2727423182,Average,False
EMP1507,Heidi,Williams,30,False,DevOps,California,Pending,2024-07-13,89132.22,False,heidi.williams@example.com,True,617893205,Excellent,True
EMP1508,Frank,Garcia,25,False,Admin,California,Active,2024-03-04,111000.26,False,frank.garcia@example.com,True,4969357823,Good,False
EMP1509,Frank,Johnson,35,False,HR,Illinois,Inactive,2022-08-07,109584.97,False,frank.johnson@example.com,True,3477695873,Poor,True
EMP1510,Bob,Smith,40,False,Admin,Illinois,Active,2024-11-11,97648.84,False,bob.smith@example.com,True,1314675360,Good,False
EMP1511,Grace,Johnson,25,False,Admin,New York,Active,2021-12-02,78643.43,False,grace.johnson@example.com,True,2751562778,Good,True
EMP1512,Heidi,Davis,30,False,HR,Nevada,Active,2024-05-14,55656.8,False,heidi.davis@example.com,True,6304483607,Good,True
EMP1513,Charlie,Miller,35,False,DevOps,Texas,Active,2022-07-14,69146.95,False,charlie.miller@example.com,True,5456676639,Excellent,False
EMP1514,Charlie,Johnson,30,True,Admin,Florida,Active,2020-09-22,93013.58,False,charlie.johnson@example.com,True,4735047638,Average,True
EMP1515,Grace,Williams,40,False,Finance,Florida,Active,2020-03-18,87364.78,False,grace.williams@example.com,True,2831995297,Good,False
EMP1516,Alice,Garcia,35,False,Sales,New York,Active,2023-10-17,50288.67,False,alice.garcia@example.com,True,61558107,Excellent,False
EMP1517,David,Miller,35,False,HR,New York,Active,2022-02-24,85233.55,False,david.miller@example.com,True,3583286341,Good,True
EMP1518,Bob,Garcia,25,False,HR,California,Inactive,2024-01-30,86420.19,False,bob.garcia@example.com,True,5563830007,Good,False
EMP1519,Grace,Johnson,30,False,HR,Florida,Inactive,2024-03-16,63189.82,False,grace.johnson@example.com,True,1867024402,Excellent,False
EMP1520,Grace,Garcia,25,False,Admin,New York,Pending,2020-09-25,64783.32,False,grace.garcia@example.com,True,3041662410,Average,False
EMP1521,Charlie,Davis,25,False,HR,Nevada,Pending,2024-06-10,52615.44,False,charlie.davis@example.com,True,1860089218,Average,False
EMP1522,Eva,Miller,30,True,Sales,Texas,Pending,2020-04-08,96337.89,False,eva.miller@example.com,True,6394568043,Poor,False
EMP1523,Alice,Davis,25,False,DevOps,Texas,Inactive,2022-06-28,76617.76,False,alice.davis@example.com,True,7314976460,Excellent,True
EMP1524,Heidi,Johnson,30,False,Admin,Nevada,Pending,2023-07-14,50651.32,False,heidi.johnson@example.com,True,3684748835,Poor,False
EMP1525,Bob,Davis,30,True,HR,Illinois,Pending,2023-12-06,59601.45,False,bob.davis@example.com,True,765817389,Poor,False
EMP1526,Bob,Williams,32,True,DevOps,Illinois,Active,2021-08-01,57980.88,False,bob.williams@example.com,True,6375791451,Poor,False
EMP1527,David,Johnson,30,True,Admin,California,Pending,2021-02-17,75054.53,False,david.johnson@example.com,True,1182379311,Average,False
EMP1528,Charlie,Johnson,25,False,Sales,Florida,Active,2023-11-10,115318.7,False,charlie.johnson@example.com,True,6978930745,Excellent,False
EMP1529,Alice,Johnson,25,False,DevOps,Texas,Active,2024-09-06,90190.69,False,alice.johnson@example.com,True,4520599603,Poor,True
EMP1530,Bob,Smith,30,True,Cloud Tech,Nevada,Pending,2020-07-26,113334.56,False,bob.smith@example.com,True,3878753576,Excellent,False
EMP1531,Heidi,Garcia,35,False,HR,Florida,Active,2020-07-23,106922.49,False,heidi.garcia@example.com,True,8811616201,Excellent,True
EMP1532,Eva,Smith,35,False,DevOps,California,Inactive,2024-02-21,58113.07,False,eva.smith@example.com,True,8123710671,Average,True
EMP1533,Alice,Smith,25,False,Admin,Nevada,Pending,2020-12-15,73006.26,False,alice.smith@example.com,True,8728660415,Poor,True
EMP1534,Eva,Williams,25,False,HR,California,Active,2020-08-21,78054.43,False,eva.williams@example.com,True,4485959223,Poor,True
EMP1535,Eva,Miller,40,False,DevOps,Florida,Inactive,2023-08-21,112028.67,False,eva.miller@example.com,True,8395894772,Excellent,False
EMP1536,Charlie,Garcia,25,False,Admin,Texas,Inactive,2023-04-24,83787.24,False,charlie.garcia@example.com,True,5228705621,Good,True
EMP1537,Heidi,Davis,30,False,Sales,Florida,Inactive,2023-06-06,52017.14,False,heidi.davis@example.com,True,7104331874,Average,True
EMP1538,Charlie,Jones,40,False,Finance,Texas,Inactive,2022-06-21,53218.06,False,charlie.jones@example.com,True,1097921582,Average,False
EMP1539,Frank,Johnson,25,False,DevOps,Nevada,Pending,2024-04-20,102053.67,False,frank.johnson@example.com,True,5034469458,Average,False
EMP1540,David,Davis,35,False,Sales,Illinois,Pending,2023-12-05,93276.73,False,david.davis@example.com,True,6488319212,Average,False
EMP1541,David,Johnson,40,False,HR,Nevada,Pending,2023-08-06,76941.36,False,david.johnson@example.com,True,4249128964,Poor,True
EMP1542,Alice,Williams,25,False,DevOps,New York,Pending,2024-10-04,82850.23,False,alice.williams@example.com,True,9994973202,Poor,False
EMP1543,Charlie,Johnson,25,False,Finance,California,Active,2021-11-08,117910.15,False,charlie.johnson@example.com,True,3192227050,Good,False
EMP1544,David,Smith,32,True,DevOps,Florida,Inactive,2024-07-31,66450.0,False,david.smith@example.com,True,287675480,Average,True
EMP1545,Heidi,Garcia,25,False,Finance,Florida,Inactive,2020-08-31,118646.95,False,heidi.garcia@example.com,True,3866675484,Average,False
EMP1546,Alice,Jones,25,False,Finance,Florida,Active,2023-02-15,88436.92,False,alice.jones@example.com,True,8193242686,Excellent,False
EMP1547,Eva,Brown,30,True,Sales,New York,Pending,2023-10-07,81934.55,False,eva.brown@example.com,True,7418652056,Poor,False
EMP1548,Alice,Johnson,30,False,Finance,California,Pending,2024-04-20,93383.06,False,alice.johnson@example.com,True,5639836519,Average,False
EMP1549,Frank,Davis,40,False,Cloud Tech,Texas,Pending,2021-03-30,50153.79,False,frank.davis@example.com,True,3758309450,Good,True
EMP1550,Eva,Smith,30,True,Sales,California,Pending,2020-08-05,53204.47,False,eva.smith@example.com,True,5480940475,Good,False
EMP1551,Charlie,Brown,40,False,Cloud Tech,California,Pending,2021-02-05,63128.04,False,charlie.brown@example.com,True,440907976,Poor,False
EMP1552,Grace,Jones,30,False,Finance,New York,Pending,2021-11-23,57543.6,False,grace.jones@example.com,True,2781050921,Good,True
EMP1553,Bob,Brown,40,False,Finance,Nevada,Pending,2022-10-29,59424.52,False,bob.brown@example.com,True,2161070517,Good,False
EMP1554,Alice,Smith,35,True,Finance,Illinois,Inactive,2022-11-07,104675.7,False,alice.smith@example.com,True,4390552957,Poor,True
EMP1555,Charlie,Garcia,30,False,Cloud Tech,Florida,Pending,2023-05-14,92431.25,False,charlie.garcia@example.com,True,660138240,Average,False
EMP1556,Grace,Garcia,40,False,Sales,Nevada,Active,2021-07-14,77850.9,False,grace.garcia@example.com,True,2704938619,Average,True
EMP1557,Eva,Miller,40,False,Admin,New York,Inactive,2023-05-18,99001.0,False,eva.miller@example.com,True,4485157918,Good,True
EMP1558,Eva,Garcia,30,True,HR,Nevada,Pending,2023-02-07,94280.83,False,eva.garcia@example.com,True,7111212589,Good,True
EMP1559,Eva,Miller,35,False,DevOps,New York,Pending,2023-08-24,118262.56,False,eva.miller@example.com,True,2035713431,Average,True
EMP1560,Frank,Brown,25,False,HR,Illinois,Inactive,2023-04-08,89944.67,False,frank.brown@example.com,True,4064242955,Poor,False
EMP1561,Grace,Williams,30,True,HR,Florida,Active,2022-12-06,57452.93,False,grace.williams@example.com,True,3343244740,Good,True
EMP1562,Alice,Davis,25,False,Admin,California,Active,2021-08-09,97837.32,False,alice.davis@example.com,True,7595587208,Excellent,False
EMP1563,Alice,Davis,35,False,Admin,Illinois,Active,2022-01-04,106981.84,False,alice.davis@example.com,True,6289365434,Poor,True
EMP1564,David,Brown,35,True,Finance,New York,Pending,2024-05-25,105778.36,False,david.brown@example.com,True,8841834373,Good,True
EMP1565,Alice,Johnson,40,False,Finance,Florida,Pending,2021-10-02,117608.32,False,alice.johnson@example.com,True,182727954,Good,True
EMP1566,Eva,Johnson,30,False,Sales,Florida,Active,2023-07-21,99324.03,False,eva.johnson@example.com,True,9690515025,Excellent,False
EMP1567,David,Garcia,30,False,HR,Florida,Active,2023-10-30,55212.83,False,david.garcia@example.com,True,7551254277,Excellent,True
EMP1568,Bob,Davis,40,False,Cloud Tech,Florida,Inactive,2023-02-13,68496.77,False,bob.davis@example.com,True,2079799666,Average,False
EMP1569,Eva,Davis,25,False,HR,Florida,Pending,2020-11-13,52795.84,False,eva.davis@example.com,True,3459576402,Poor,False
EMP1570,Alice,Miller,32,True,DevOps,California,Inactive,2024-06-05,90087.39,False,alice.miller@example.com,True,8166496901,Poor,False
EMP1571,Frank,Williams,30,True,Admin,New York,Pending,2020-05-19,105038.08,False,frank.williams@example.com,True,8249839224,Average,False
EMP1572,Grace,Smith,25,False,HR,New York,Active,2023-09-20,73231.85,False,grace.smith@example.com,True,142576269,Poor,False
EMP1573,David,Johnson,30,True,Sales,Florida,Pending,2024-08-13,102649.36,False,david.johnson@example.com,True,2324412335,Poor,False
EMP1574,Bob,Davis,35,False,Finance,New York,Pending,2023-06-10,114302.51,False,bob.davis@example.com,True,1328507250,Poor,False
EMP1575,Alice,Miller,35,False,Finance,Texas,Inactive,2021-06-09,87816.61,False,alice.miller@example.com,True,7863767315,Poor,False
EMP1576,Frank,Jones,30,True,Sales,Florida,Inactive,2020-03-30,70750.38,False,frank.jones@example.com,True,2526546967,Poor,False
EMP1577,Frank,Miller,30,True,Cloud Tech,Texas,Active,2024-05-02,,True,frank.miller@example.com,True,1579039234,Excellent,True
EMP1578,Bob,Johnson,30,False,DevOps,Nevada,Active,2024-11-06,97978.36,False,bob.johnson@example.com,True,5580996131,Poor,True
EMP1579,David,Johnson,32,True,DevOps,Nevada,Inactive,2023-08-17,107172.8,False,david.johnson@example.com,True,7303461561,Excellent,True
EMP1580,Charlie,Miller,25,False,Finance,Nevada,Inactive,2020-03-18,56126.46,False,charlie.miller@example.com,True,6244670461,Poor,True
EMP1581,Eva,Smith,30,True,Cloud Tech,Illinois,Active,2021-06-13,78534.29,False,eva.smith@example.com,True,2681715159,Average,True
EMP1582,Grace,Brown,40,False,HR,Texas,Inactive,2023-10-10,,True,grace.brown@example.com,True,2529867075,Good,False
EMP1583,Bob,Johnson,30,True,Cloud Tech,Nevada,Active,2022-01-02,114963.34,False,bob.johnson@example.com,True,6046419784,Excellent,False
EMP1584,Eva,Miller,30,True,Cloud Tech,California,Inactive,2022-02-20,77657.93,False,eva.miller@example.com,True,7585126860,Poor,False
EMP1585,Heidi,Davis,30,False,Sales,New York,Active,2024-03-09,77369.48,False,heidi.davis@example.com,True,2059438975,Average,False
EMP1586,Eva,Miller,30,False,HR,Nevada,Pending,2023-08-19,76119.14,False,eva.miller@example.com,True,740177508,Good,False
EMP1587,Charlie,Williams,25,False,Cloud Tech,Texas,Pending,2023-05-06,77585.72,False,charlie.williams@example.com,True,5465408423,Excellent,False
EMP1588,Bob,Brown,35,False,Admin,Nevada,Pending,2024-01-26,74069.62,False,bob.brown@example.com,True,5607540914,Good,False
EMP1589,Charlie,Jones,30,False,Admin,New York,Pending,2024-09-05,67691.92,False,charlie.jones@example.com,True,863218121,Average,True
EMP1590,Alice,Smith,35,True,Finance,Nevada,Pending,2020-05-29,70345.69,False,alice.smith@example.com,True,7645793896,Excellent,True
EMP1591,Bob,Garcia,30,False,DevOps,Illinois,Inactive,2021-11-08,74999.69,False,bob.garcia@example.com,True,155029167,Good,True
EMP1592,David,Jones,25,False,HR,Illinois,Active,2021-01-31,72245.02,False,david.jones@example.com,True,1546602415,Poor,True
EMP1593,Eva,Brown,30,True,Admin,Illinois,Pending,2022-01-16,106538.98,False,eva.brown@example.com,True,1394498829,Excellent,False
EMP1594,Charlie,Brown,25,False,HR,New York,Active,2023-12-29,101787.14,False,charlie.brown@example.com,True,5973642479,Good,False
EMP1595,Frank,Brown,30,False,DevOps,Nevada,Inactive,2024-12-02,83596.78,False,frank.brown@example.com,True,9624406305,Average,False
EMP1596,Eva,Jones,40,False,Sales,Texas,Active,2023-08-15,92463.94,False,eva.jones@example.com,True,2447951329,Average,True
EMP1597,Charlie,Davis,30,True,Admin,California,Pending,2024-12-20,93863.32,False,charlie.davis@example.com,True,5319497968,Excellent,False
EMP1598,Alice,Brown,32,True,DevOps,Texas,Pending,2023-03-31,78359.41,False,alice.brown@example.com,True,5867805554,Good,False
EMP1599,Alice,Miller,30,True,HR,Illinois,Pending,2022-08-24,95773.57,False,alice.miller@example.com,True,7277382645,Excellent,False
EMP1600,Grace,Jones,30,False,Sales,Nevada,Inactive,2020-10-01,82529.08,False,grace.jones@example.com,True,917851384,Excellent,True
EMP1601,Grace,Garcia,35,False,Sales,Texas,Pending,2021-05-04,109358.73,False,grace.garcia@example.com,True,4457702991,Good,False
EMP1602,Charlie,Brown,30,True,Admin,Florida,Active,2021-01-01,89645.01,False,charlie.brown@example.com,True,9596604872,Good,True
EMP1603,Charlie,Miller,40,False,HR,Texas,Active,2024-04-08,84134.95,False,charlie.miller@example.com,True,6826911632,Poor,True
EMP1604,Frank,Davis,30,False,Cloud Tech,Nevada,Active,2022-11-26,113540.83,False,frank.davis@example.com,True,1942268652,Good,True
EMP1605,Heidi,Williams,40,False,Cloud Tech,Texas,Pending,2021-10-25,57225.75,False,heidi.williams@example.com,True,6945515887,Average,True
EMP1606,Eva,Davis,35,False,Sales,Illinois,Pending,2020-12-22,76366.17,False,eva.davis@example.com,True,6367747225,Excellent,False
EMP1607,Bob,Garcia,30,True,HR,Florida,Active,2022-11-23,78408.95,False,bob.garcia@example.com,True,4085721695,Excellent,True
EMP1608,Frank,Brown,40,False,Finance,Illinois,Active,2022-10-24,111742.4,False,frank.brown@example.com,True,6630932997,Average,True
EMP1609,David,Garcia,25,False,Sales,Nevada,Inactive,2021-03-09,60516.83,False,david.garcia@example.com,True,1996059328,Good,False
EMP1610,Bob,Jones,30,False,Finance,California,Pending,2020-08-20,83706.17,False,bob.jones@example.com,True,7150968831,Average,False
EMP1611,David,Johnson,30,True,Admin,Nevada,Inactive,2020-02-15,67056.92,False,david.johnson@example.com,True,7532735240,Average,True
EMP1612,Charlie,Brown,30,False,DevOps,Illinois,Active,2024-12-29,90058.85,False,charlie.brown@example.com,True,397739731,Poor,False
EMP1613,Eva,Johnson,30,False,Sales,Florida,Pending,2023-02-28,94633.59,False,eva.johnson@example.com,True,7819523709,Average,True
EMP1614,Eva,Miller,25,False,Admin,Florida,Pending,2022-08-23,110711.17,False,eva.miller@example.com,True,687616480,Excellent,True
EMP1615,Grace,Williams,30,True,Admin,Illinois,Active,2023-06-30,96175.41,False,grace.williams@example.com,True,9807704604,Average,True
EMP1616,Frank,Smith,40,False,Sales,Illinois,Active,2021-04-15,76474.79,False,frank.smith@example.com,True,6876112490,Excellent,True
EMP1617,Alice,Garcia,30,False,Sales,Illinois,Pending,2022-05-09,107855.99,False,alice.garcia@example.com,True,2565237340,Excellent,False
EMP1618,Charlie,Davis,40,False,Sales,Illinois,Active,2024-12-02,104870.78,False,charlie.davis@example.com,True,5177345474,Excellent,True
EMP1619,Bob,Williams,25,False,Finance,Nevada,Active,2023-05-20,,True,bob.williams@example.com,True,7494902283,Good,False
EMP1620,Grace,Brown,35,True,Finance,California,Active,2023-11-29,87087.16,False,grace.brown@example.com,True,359544293,Poor,False
EMP1621,Heidi,Johnson,40,False,HR,Illinois,Pending,2024-04-08,108603.34,False,heidi.johnson@example.com,True,7742229463,Excellent,False
EMP1622,Grace,Davis,30,False,HR,Florida,Active,2024-10-25,55867.23,False,grace.davis@example.com,True,3039429044,Excellent,False
EMP1623,Grace,Johnson,35,False,Admin,Texas,Pending,2024-03-02,105259.57,False,grace.johnson@example.com,True,8867925297,Good,True
EMP1624,Bob,Jones,30,True,Cloud Tech,Florida,Pending,2021-02-24,98143.67,False,bob.jones@example.com,True,5856728726,Excellent,False
EMP1625,Frank,Johnson,25,False,Admin,Florida,Pending,2023-04-13,67754.29,False,frank.johnson@example.com,True,6015343323,Average,True
EMP1626,Grace,Jones,30,True,HR,Illinois,Inactive,2023-10-25,77821.79,False,grace.jones@example.com,True,9135779082,Average,False
EMP1627,Heidi,Miller,30,False,HR,Illinois,Pending,2022-09-17,67764.44,False,heidi.miller@example.com,True,3506158147,Poor,False
EMP1628,Frank,Davis,40,False,DevOps,New York,Pending,2020-08-31,102346.99,False,frank.davis@example.com,True,8810798333,Excellent,True
EMP1629,Charlie,Davis,25,False,Admin,Illinois,Inactive,2024-05-28,73690.65,False,charlie.davis@example.com,True,2337209483,Good,True
EMP1630,Alice,Smith,30,False,Finance,Nevada,Active,2024-07-05,56376.2,False,alice.smith@example.com,True,1312840332,Average,True
EMP1631,Grace,Brown,25,False,Cloud Tech,California,Active,2022-01-29,55602.78,False,grace.brown@example.com,True,9977180512,Good,False
EMP1632,Grace,Jones,40,False,Sales,Nevada,Pending,2021-08-09,99812.41,False,grace.jones@example.com,True,7171731892,Good,False
EMP1633,Charlie,Smith,40,False,Finance,Texas,Active,2024-10-07,95981.9,False,charlie.smith@example.com,True,9749096172,Average,True
EMP1634,Eva,Johnson,30,False,Cloud Tech,Illinois,Pending,2022-11-22,98891.48,False,eva.johnson@example.com,True,9970469471,Good,True
EMP1635,Alice,Johnson,35,False,Admin,Nevada,Active,2020-11-18,56079.0,False,alice.johnson@example.com,True,5878444834,Average,True
EMP1636,Grace,Smith,35,False,DevOps,Florida,Inactive,2023-04-15,,True,grace.smith@example.com,True,4884712704,Good,True
EMP1637,Bob,Davis,25,False,Sales,California,Pending,2024-08-26,89137.97,False,bob.davis@example.com,True,8772216416,Average,False
EMP1638,Frank,Johnson,35,False,Admin,Illinois,Active,2022-07-20,115079.97,False,frank.johnson@example.com,True,5823133483,Excellent,True
EMP1639,Eva,Garcia,30,False,Finance,Illinois,Active,2023-02-18,55067.02,False,eva.garcia@example.com,True,5871493924,Poor,True
EMP1640,Bob,Miller,30,True,HR,Illinois,Pending,2021-05-27,98593.43,False,bob.miller@example.com,True,2362292586,Average,True
EMP1641,Heidi,Miller,30,False,HR,Florida,Pending,2022-08-01,112756.67,False,heidi.miller@example.com,True,9643474523,Average,True
EMP1642,Heidi,Garcia,25,False,HR,Texas,Inactive,2023-07-21,105205.92,False,heidi.garcia@example.com,True,5557469659,Poor,False
EMP1643,David,Smith,35,False,Finance,California,Pending,2023-01-02,50680.62,False,david.smith@example.com,True,6065274032,Average,True
EMP1644,David,Garcia,35,False,Cloud Tech,Florida,Pending,2024-03-13,107475.23,False,david.garcia@example.com,True,4450566587,Average,False
EMP1645,Charlie,Jones,40,False,HR,California,Active,2023-03-20,68835.3,False,charlie.jones@example.com,True,3398741131,Good,True
EMP1646,David,Jones,40,False,DevOps,New York,Active,2024-02-15,66943.96,False,david.jones@example.com,True,5797067348,Poor,True
EMP1647,David,Smith,30,False,Admin,Illinois,Inactive,2020-11-15,104525.69,False,david.smith@example.com,True,9601054856,Excellent,False
EMP1648,Bob,Garcia,40,False,Sales,Texas,Pending,2020-03-27,109360.74,False,bob.garcia@example.com,True,4172156228,Average,True
EMP1649,Frank,Jones,40,False,Sales,California,Inactive,2021-01-09,118907.63,False,frank.jones@example.com,True,4938173597,Poor,False
EMP1650,Eva,Davis,40,False,Admin,Illinois,Active,2020-04-20,86801.48,False,eva.davis@example.com,True,4884021556,Good,False
EMP1651,Alice,Garcia,30,True,HR,Florida,Pending,2024-05-08,62236.03,False,alice.garcia@example.com,True,3257375533,Excellent,True
EMP1652,Heidi,Davis,35,False,DevOps,Texas,Active,2023-10-12,64752.67,False,heidi.davis@example.com,True,4902166669,Poor,False
EMP1653,Frank,Jones,35,False,Sales,California,Active,2023-01-28,68399.43,False,frank.jones@example.com,True,8085096084,Excellent,False
EMP1654,Frank,Miller,35,False,Admin,Florida,Inactive,2021-03-07,79336.51,False,frank.miller@example.com,True,8749511917,Excellent,False
EMP1655,Frank,Jones,40,False,HR,Florida,Active,2023-03-16,59179.74,False,frank.jones@example.com,True,1828197930,Excellent,False
EMP1656,David,Davis,25,False,DevOps,California,Active,2023-02-11,80255.31,False,david.davis@example.com,True,6477251294,Average,False
EMP1657,Charlie,Williams,30,False,Finance,Texas,Active,2022-05-13,84971.85,False,charlie.williams@example.com,True,7860694095,Average,False
EMP1658,Frank,Brown,40,False,HR,California,Pending,2024-10-24,89748.42,False,frank.brown@example.com,True,35624394,Good,False
EMP1659,Charlie,Johnson,25,False,Admin,California,Inactive,2024-09-14,94090.35,False,charlie.johnson@example.com,True,8739592322,Good,False
EMP1660,Frank,Garcia,35,False,HR,California,Pending,2023-02-15,115229.12,False,frank.garcia@example.com,True,4210890284,Poor,True
EMP1661,Alice,Williams,40,False,Cloud Tech,California,Pending,2023-05-25,63927.07,False,alice.williams@example.com,True,1553334263,Good,True
EMP1662,Charlie,Jones,35,False,HR,California,Pending,2022-11-11,84124.56,False,charlie.jones@example.com,True,3350271606,Excellent,False
EMP1663,Bob,Miller,40,False,Sales,California,Inactive,2023-07-17,116961.61,False,bob.miller@example.com,True,3607763368,Excellent,True
EMP1664,Frank,Smith,40,False,DevOps,Illinois,Pending,2022-04-08,109423.05,False,frank.smith@example.com,True,1128981230,Average,False
EMP1665,Charlie,Jones,35,False,Admin,California,Inactive,2023-08-30,70394.94,False,charlie.jones@example.com,True,7955633184,Excellent,False
EMP1666,Grace,Miller,35,False,Finance,California,Pending,2023-04-17,86465.5,False,grace.miller@example.com,True,7481700665,Poor,True
EMP1667,Charlie,Brown,30,False,Cloud Tech,New York,Pending,2021-04-25,96341.58,False,charlie.brown@example.com,True,1554164315,Excellent,False
EMP1668,Bob,Jones,30,False,Admin,Florida,Active,2020-07-14,54465.47,False,bob.jones@example.com,True,7045023289,Excellent,False
EMP1669,Alice,Davis,25,False,Finance,Illinois,Active,2020-07-31,68371.66,False,alice.davis@example.com,True,2822700933,Poor,False
EMP1670,Grace,Smith,35,False,Admin,New York,Pending,2021-08-04,81021.23,False,grace.smith@example.com,True,5962622821,Good,False
EMP1671,Charlie,Miller,25,False,Cloud Tech,Nevada,Inactive,2024-10-28,114069.07,False,charlie.miller@example.com,True,5120734653,Good,True
EMP1672,Heidi,Miller,30,True,HR,Illinois,Inactive,2020-10-03,117867.96,False,heidi.miller@example.com,True,9500507025,Poor,False
EMP1673,Charlie,Miller,30,True,Sales,Florida,Pending,2024-03-13,94509.58,False,charlie.miller@example.com,True,869822104,Average,False
EMP1674,Eva,Brown,35,False,Finance,Illinois,Active,2024-07-06,56268.78,False,eva.brown@example.com,True,3161177686,Excellent,False
EMP1675,Grace,Jones,35,False,Admin,California,Active,2020-01-01,86632.14,False,grace.jones@example.com,True,2904774257,Poor,True
EMP1676,Charlie,Brown,35,False,HR,Florida,Pending,2020-01-18,98143.9,False,charlie.brown@example.com,True,5917793237,Excellent,False
EMP1677,Heidi,Garcia,35,False,Cloud Tech,Florida,Inactive,2023-05-07,,True,heidi.garcia@example.com,True,2231164912,Average,True
EMP1678,Frank,Johnson,30,False,Finance,Illinois,Inactive,2022-03-19,67492.73,False,frank.johnson@example.com,True,3424579888,Excellent,True
EMP1679,Grace,Johnson,40,False,Admin,California,Active,2022-05-14,93772.61,False,grace.johnson@example.com,True,4256529059,Poor,False
EMP1680,Eva,Garcia,35,False,DevOps,Nevada,Pending,2024-07-14,68817.54,False,eva.garcia@example.com,True,3202032649,Excellent,False
EMP1681,Bob,Jones,30,False,Admin,California,Active,2023-07-28,81874.01,False,bob.jones@example.com,True,9775396736,Good,True
EMP1682,Heidi,Davis,30,False,HR,Texas,Active,2020-04-11,117880.14,False,heidi.davis@example.com,True,9487148551,Average,False
EMP1683,Bob,Brown,35,False,HR,New York,Pending,2022-06-16,100897.49,False,bob.brown@example.com,True,4578715840,Average,True
EMP1684,Charlie,Smith,25,False,Finance,New York,Inactive,2022-05-10,71810.37,False,charlie.smith@example.com,True,5608213710,Average,True
EMP1685,Frank,Miller,40,False,DevOps,Texas,Inactive,2020-06-13,109048.24,False,frank.miller@example.com,True,8425476817,Poor,False
EMP1686,Alice,Miller,35,False,Finance,Texas,Pending,2022-08-20,62712.26,False,alice.miller@example.com,True,2683230357,Average,False
EMP1687,Eva,Jones,40,False,Cloud Tech,Texas,Pending,2021-05-24,76935.85,False,eva.jones@example.com,True,9298808582,Good,True
EMP1688,David,Davis,25,False,Admin,Florida,Pending,2024-04-27,56577.22,False,david.davis@example.com,True,8252129327,Poor,True
EMP1689,David,Johnson,40,False,Finance,Nevada,Inactive,2021-10-23,61102.8,False,david.johnson@example.com,True,9634064685,Good,True
EMP1690,Bob,Johnson,35,False,Finance,Nevada,Inactive,2021-02-10,75229.87,False,bob.johnson@example.com,True,7752401483,Excellent,True
EMP1691,David,Miller,25,False,Admin,Nevada,Inactive,2021-10-26,51054.74,False,david.miller@example.com,True,3991062271,Excellent,False
EMP1692,Bob,Jones,40,False,Admin,Texas,Active,2023-04-05,104843.27,False,bob.jones@example.com,True,3626693350,Excellent,False
EMP1693,Charlie,Brown,35,False,Cloud Tech,New York,Active,2022-10-20,56398.11,False,charlie.brown@example.com,True,3426192371,Excellent,False
EMP1694,Alice,Johnson,25,False,HR,Nevada,Active,2023-12-07,87544.73,False,alice.johnson@example.com,True,4501848196,Good,False
EMP1695,Heidi,Brown,30,False,HR,Illinois,Pending,2024-03-29,74312.24,False,heidi.brown@example.com,True,3741897214,Poor,False
EMP1696,David,Davis,25,False,DevOps,Florida,Inactive,2024-01-23,59431.25,False,david.davis@example.com,True,4064176926,Poor,True
EMP1697,Heidi,Johnson,40,False,Sales,California,Pending,2023-11-28,84306.44,False,heidi.johnson@example.com,True,4381199536,Average,False
EMP1698,Frank,Johnson,35,False,DevOps,Florida,Inactive,2024-11-11,108194.47,False,frank.johnson@example.com,True,6601444855,Good,False
EMP1699,Charlie,Williams,25,False,Sales,New York,Inactive,2021-08-28,107359.3,False,charlie.williams@example.com,True,4510173972,Excellent,False
EMP1700,Heidi,Johnson,25,False,DevOps,Illinois,Inactive,2024-02-11,,True,heidi.johnson@example.com,True,9641789968,Good,False
EMP1701,Frank,Garcia,30,True,Admin,California,Pending,2020-05-09,96080.26,False,frank.garcia@example.com,True,8609191910,Average,False
EMP1702,Grace,Smith,30,False,Sales,Nevada,Inactive,2024-04-17,88602.75,False,grace.smith@example.com,True,3599660576,Average,True
EMP1703,Frank,Garcia,40,False,DevOps,California,Active,2020-07-16,86624.04,False,frank.garcia@example.com,True,9806603919,Good,True
EMP1704,Charlie,Jones,30,False,Cloud Tech,New York,Active,2022-09-21,63413.16,False,charlie.jones@example.com,True,5146074554,Good,True
EMP1705,Grace,Jones,40,False,Sales,Illinois,Pending,2023-04-23,67915.7,False,grace.jones@example.com,True,3470574237,Good,False
EMP1706,Bob,Brown,25,False,Admin,Nevada,Inactive,2024-12-27,108245.44,False,bob.brown@example.com,True,8565271558,Poor,True
EMP1707,Alice,Garcia,35,False,Sales,Nevada,Inactive,2024-08-10,75834.81,False,alice.garcia@example.com,True,8354116596,Excellent,True
EMP1708,Eva,Garcia,30,True,Cloud Tech,Nevada,Active,2024-09-04,71273.32,False,eva.garcia@example.com,True,2634755751,Good,False
EMP1709,Bob,Garcia,25,False,DevOps,New York,Pending,2022-02-28,63262.23,False,bob.garcia@example.com,True,2501394883,Good,False
EMP1710,David,Davis,32,True,DevOps,New York,Pending,2024-03-14,89069.91,False,david.davis@example.com,True,8826913118,Good,False
EMP1711,Frank,Johnson,40,False,DevOps,Nevada,Inactive,2024-12-13,57287.17,False,frank.johnson@example.com,True,6425856260,Average,True
EMP1712,Grace,Smith,30,True,HR,Nevada,Active,2022-12-29,119890.35,False,grace.smith@example.com,True,4991537037,Average,True
EMP1713,Frank,Brown,35,False,Sales,California,Inactive,2022-04-24,103492.91,False,frank.brown@example.com,True,2407333372,Poor,False
EMP1714,Frank,Garcia,30,True,Admin,Illinois,Pending,2021-03-14,76254.42,False,frank.garcia@example.com,True,2043097767,Excellent,False
EMP1715,Eva,Garcia,35,False,Finance,Florida,Inactive,2020-01-01,100841.93,False,eva.garcia@example.com,True,8936289695,Poor,True
EMP1716,Alice,Williams,30,True,Admin,California,Active,2021-09-07,118907.61,False,alice.williams@example.com,True,4546553584,Excellent,True
EMP1717,Frank,Brown,25,False,DevOps,California,Pending,2022-11-13,88942.62,False,frank.brown@example.com,True,1253892186,Average,False
EMP1718,Charlie,Garcia,25,False,Cloud Tech,Florida,Inactive,2020-11-15,59688.57,False,charlie.garcia@example.com,True,8519358373,Average,False
EMP1719,David,Brown,30,False,HR,California,Active,2023-03-14,77985.88,False,david.brown@example.com,True,9079779611,Average,True
EMP1720,Bob,Johnson,35,False,Finance,New York,Inactive,2024-08-18,112931.69,False,bob.johnson@example.com,True,878057214,Poor,False
EMP1721,Bob,Williams,32,True,DevOps,California,Active,2024-02-05,106583.88,False,bob.williams@example.com,True,1494097625,Good,True
EMP1722,Alice,Brown,35,False,HR,Florida,Inactive,2024-11-12,58437.84,False,alice.brown@example.com,True,3748453985,Good,True
EMP1723,Alice,Smith,40,False,Cloud Tech,California,Pending,2020-03-25,72352.16,False,alice.smith@example.com,True,2895090590,Average,True
EMP1724,Frank,Smith,32,True,DevOps,New York,Active,2020-04-13,97154.47,False,frank.smith@example.com,True,1918623391,Good,True
EMP1725,Heidi,Jones,30,True,Sales,Illinois,Active,2021-03-30,80235.5,False,heidi.jones@example.com,True,2071511695,Good,False
EMP1726,Charlie,Williams,30,False,HR,Texas,Inactive,2023-03-16,102172.05,False,charlie.williams@example.com,True,6672521451,Poor,False
EMP1727,Eva,Williams,25,False,Finance,Illinois,Inactive,2024-05-03,98850.94,False,eva.williams@example.com,True,6471246334,Excellent,True
EMP1728,Heidi,Jones,30,True,Admin,Florida,Inactive,2023-08-28,89993.15,False,heidi.jones@example.com,True,1571840907,Average,True
EMP1729,David,Brown,30,False,Cloud Tech,California,Inactive,2021-10-24,97931.66,False,david.brown@example.com,True,512080055,Average,True
EMP1730,Bob,Williams,40,False,Finance,California,Inactive,2021-01-25,72451.69,False,bob.williams@example.com,True,4099512396,Poor,True
EMP1731,Alice,Smith,35,False,Admin,California,Pending,2024-08-09,119311.14,False,alice.smith@example.com,True,2835129591,Poor,True
EMP1732,Charlie,Smith,40,False,Cloud Tech,New York,Active,2023-11-04,76167.46,False,charlie.smith@example.com,True,7282709080,Good,False
EMP1733,Bob,Garcia,25,False,DevOps,Texas,Active,2023-06-25,114871.08,False,bob.garcia@example.com,True,4415298216,Average,False
EMP1734,Eva,Johnson,25,False,HR,Nevada,Active,2021-09-16,81504.31,False,eva.johnson@example.com,True,3929578670,Excellent,False
EMP1735,David,Williams,30,True,Admin,New York,Pending,2022-12-07,102524.86,False,david.williams@example.com,True,8153523735,Poor,False
EMP1736,Charlie,Brown,25,False,Finance,Illinois,Pending,2022-12-14,53043.74,False,charlie.brown@example.com,True,507918157,Excellent,True
EMP1737,Eva,Jones,30,False,DevOps,Illinois,Inactive,2020-04-18,82547.26,False,eva.jones@example.com,True,9988683451,Excellent,True
EMP1738,Bob,Jones,40,False,DevOps,California,Pending,2024-10-11,113900.81,False,bob.jones@example.com,True,7346666169,Average,True
EMP1739,Bob,Brown,25,False,HR,Nevada,Inactive,2021-04-18,118585.5,False,bob.brown@example.com,True,7158796473,Average,True
EMP1740,Bob,Davis,35,False,Finance,Illinois,Pending,2020-06-29,63049.22,False,bob.davis@example.com,True,803149981,Poor,True
EMP1741,Heidi,Miller,32,True,DevOps,Texas,Active,2021-05-21,114558.91,False,heidi.miller@example.com,True,5080046357,Average,False
EMP1742,Heidi,Johnson,40,False,DevOps,New York,Active,2021-12-11,97901.79,False,heidi.johnson@example.com,True,688285030,Average,True
EMP1743,Eva,Jones,30,False,Sales,California,Active,2023-07-05,68037.56,False,eva.jones@example.com,True,7235137398,Average,False
EMP1744,Alice,Williams,30,True,HR,New York,Active,2021-11-30,112802.27,False,alice.williams@example.com,True,63140351,Excellent,False
EMP1745,Bob,Johnson,40,False,Sales,Nevada,Pending,2024-11-22,93786.72,False,bob.johnson@example.com,True,6356022938,Poor,False
EMP1746,David,Williams,30,True,Admin,Florida,Inactive,2023-05-24,73049.93,False,david.williams@example.com,True,4694346065,Good,False
EMP1747,David,Davis,30,False,Sales,Illinois,Pending,2024-06-26,64161.72,False,david.davis@example.com,True,6437490606,Excellent,True
EMP1748,Charlie,Smith,40,False,Admin,Nevada,Pending,2020-11-19,72224.73,False,charlie.smith@example.com,True,2311127127,Average,False
EMP1749,Bob,Johnson,30,False,HR,New York,Pending,2020-03-01,103580.45,False,bob.johnson@example.com,True,5246484493,Excellent,False
EMP1750,Grace,Garcia,40,False,HR,Florida,Pending,2024-08-09,112589.11,False,grace.garcia@example.com,True,1163187327,Average,False
EMP1751,Eva,Jones,30,False,Admin,Texas,Active,2021-01-13,51833.88,False,eva.jones@example.com,True,771130620,Average,True
EMP1752,Eva,Johnson,30,True,Sales,Illinois,Active,2023-05-06,66252.78,False,eva.johnson@example.com,True,1369572789,Excellent,True
EMP1753,Frank,Johnson,25,False,DevOps,Florida,Active,2022-10-25,109229.68,False,frank.johnson@example.com,True,8335090253,Poor,True
EMP1754,Frank,Johnson,30,False,Finance,Florida,Inactive,2020-10-08,61465.05,False,frank.johnson@example.com,True,2573066247,Average,False
EMP1755,Grace,Miller,25,False,HR,Florida,Active,2024-02-29,96993.74,False,grace.miller@example.com,True,1323570712,Poor,False
EMP1756,David,Johnson,25,False,Admin,Florida,Pending,2022-09-30,98150.39,False,david.johnson@example.com,True,9848228500,Good,True
EMP1757,David,Williams,40,False,Finance,Texas,Pending,2024-02-14,107703.0,False,david.williams@example.com,True,1688092549,Average,False
EMP1758,Grace,Smith,32,True,DevOps,Illinois,Pending,2023-01-03,86766.14,False,grace.smith@example.com,True,2130609068,Poor,True
EMP1759,Alice,Davis,30,True,Cloud Tech,Florida,Inactive,2024-08-20,111443.69,False,alice.davis@example.com,True,1309810795,Poor,True
EMP1760,David,Brown,30,True,Sales,Florida,Pending,2020-03-21,89039.07,False,david.brown@example.com,True,4967379456,Good,False
EMP1761,Alice,Johnson,30,False,HR,Florida,Inactive,2024-12-16,71318.79,False,alice.johnson@example.com,True,7278532425,Poor,False
EMP1762,Heidi,Jones,30,False,Finance,California,Pending,2020-04-21,98296.71,False,heidi.jones@example.com,True,4250642075,Poor,False
EMP1763,Heidi,Johnson,40,False,Cloud Tech,Nevada,Pending,2020-08-19,62584.0,False,heidi.johnson@example.com,True,8362536666,Good,False
EMP1764,Charlie,Jones,40,False,Finance,California,Inactive,2020-02-21,62521.5,False,charlie.jones@example.com,True,7767555627,Average,True
EMP1765,David,Williams,40,False,Cloud Tech,California,Inactive,2023-11-17,95400.35,False,david.williams@example.com,True,3333939577,Poor,True
EMP1766,Charlie,Jones,25,False,Cloud Tech,Texas,Pending,2022-07-09,94385.07,False,charlie.jones@example.com,True,6543627186,Poor,True
EMP1767,Grace,Garcia,30,True,Sales,New York,Inactive,2023-02-01,76642.49,False,grace.garcia@example.com,True,4960335825,Poor,True
EMP1768,Frank,Brown,32,True,DevOps,New York,Active,2024-11-14,60122.52,False,frank.brown@example.com,True,8627036923,Excellent,True
EMP1769,Alice,Smith,40,False,HR,California,Pending,2024-04-23,117267.63,False,alice.smith@example.com,True,9269326572,Good,False
EMP1770,Charlie,Jones,25,False,Admin,New York,Active,2023-06-29,,True,charlie.jones@example.com,True,2759980110,Excellent,True
EMP1771,Heidi,Jones,40,False,Sales,Texas,Pending,2024-12-12,84542.68,False,heidi.jones@example.com,True,5155322,Good,True
EMP1772,Heidi,Smith,40,False,Finance,Florida,Active,2023-05-16,92007.15,False,heidi.smith@example.com,True,4159597751,Average,True
EMP1773,Eva,Brown,32,True,DevOps,Illinois,Active,2020-04-10,62938.8,False,eva.brown@example.com,True,4418222617,Average,False
EMP1774,Frank,Johnson,25,False,Admin,Texas,Pending,2023-03-29,108661.01,False,frank.johnson@example.com,True,9628874311,Poor,False
EMP1775,Bob,Jones,25,False,Cloud Tech,Florida,Active,2020-11-26,97046.33,False,bob.jones@example.com,True,7102676719,Good,False
EMP1776,Charlie,Smith,40,False,DevOps,Illinois,Inactive,2020-03-14,56518.84,False,charlie.smith@example.com,True,9579927078,Average,False
EMP1777,Frank,Garcia,40,False,Cloud Tech,Florida,Pending,2020-05-12,70498.29,False,frank.garcia@example.com,True,5515122945,Good,True
EMP1778,Eva,Garcia,35,False,Sales,Florida,Pending,2021-03-05,98708.06,False,eva.garcia@example.com,True,2135415969,Average,True
EMP1779,Bob,Williams,32,True,DevOps,Nevada,Pending,2020-06-28,83856.41,False,bob.williams@example.com,True,9962543847,Excellent,False
EMP1780,Eva,Smith,40,False,Sales,California,Inactive,2022-12-12,90259.99,False,eva.smith@example.com,True,752034475,Average,False
EMP1781,Charlie,Williams,30,True,Sales,Florida,Pending,2024-02-02,94230.03,False,charlie.williams@example.com,True,5047158028,Excellent,True
EMP1782,Charlie,Garcia,30,True,Admin,Nevada,Inactive,2021-01-31,50110.66,False,charlie.garcia@example.com,True,904637659,Average,True
EMP1783,Bob,Brown,30,False,Sales,Florida,Inactive,2020-04-03,73365.46,False,bob.brown@example.com,True,4655866524,Poor,False
EMP1784,David,Johnson,25,False,DevOps,New York,Pending,2021-07-30,67809.23,False,david.johnson@example.com,True,4837441714,Excellent,False
EMP1785,Eva,Smith,30,True,Sales,California,Active,2020-08-21,98008.51,False,eva.smith@example.com,True,8102131250,Average,False
EMP1786,Alice,Davis,30,False,Admin,California,Inactive,2023-10-09,83537.58,False,alice.davis@example.com,True,2931100590,Poor,False
EMP1787,Alice,Garcia,30,False,Finance,New York,Pending,2022-08-01,112444.08,False,alice.garcia@example.com,True,2975191022,Excellent,True
EMP1788,Frank,Garcia,40,False,Finance,Nevada,Active,2024-09-06,86475.13,False,frank.garcia@example.com,True,1211063300,Poor,True
EMP1789,Frank,Davis,30,True,Sales,Texas,Active,2023-03-28,97984.53,False,frank.davis@example.com,True,6583737926,Good,True
EMP1790,Frank,Miller,25,False,Admin,California,Active,2021-11-25,118853.31,False,frank.miller@example.com,True,4907280122,Good,False
EMP1791,Charlie,Garcia,30,True,Sales,Florida,Active,2023-05-03,58179.12,False,charlie.garcia@example.com,True,4289311324,Excellent,False
EMP1792,Eva,Jones,35,False,DevOps,Texas,Inactive,2022-04-27,56075.84,False,eva.jones@example.com,True,3269496842,Average,True
EMP1793,Frank,Brown,40,False,HR,New York,Pending,2021-09-11,62250.89,False,frank.brown@example.com,True,6453804420,Excellent,True
EMP1794,Alice,Smith,30,False,Cloud Tech,Florida,Pending,2020-02-21,105931.77,False,alice.smith@example.com,True,175096169,Poor,True
EMP1795,Charlie,Davis,30,False,HR,Florida,Pending,2024-11-24,86653.96,False,charlie.davis@example.com,True,1595919456,Average,True
EMP1796,Charlie,Jones,25,False,Sales,Nevada,Active,2021-02-24,100719.94,False,charlie.jones@example.com,True,5757475832,Good,False
EMP1797,Bob,Davis,25,False,HR,Texas,Pending,2024-10-02,91600.13,False,bob.davis@example.com,True,9205677566,Average,True
EMP1798,Heidi,Smith,25,False,Cloud Tech,Illinois,Pending,2024-03-06,71873.66,False,heidi.smith@example.com,True,7722660255,Good,True
EMP1799,Eva,Williams,30,False,HR,New York,Active,2021-08-09,69365.47,False,eva.williams@example.com,True,2650622922,Average,True
EMP1800,Heidi,Smith,25,False,HR,New York,Active,2021-07-14,58012.23,False,heidi.smith@example.com,True,1067245306,Average,True
EMP1801,Bob,Miller,30,False,Sales,California,Pending,2021-10-14,68973.65,False,bob.miller@example.com,True,6248433796,Average,True
EMP1802,Eva,Smith,30,True,Admin,New York,Active,2021-09-29,92928.4,False,eva.smith@example.com,True,6627051156,Poor,True
EMP1803,Heidi,Smith,25,False,Admin,Texas,Inactive,2023-10-15,53531.92,False,heidi.smith@example.com,True,9423873669,Poor,True
EMP1804,Bob,Miller,40,False,Finance,New York,Pending,2023-05-05,112389.31,False,bob.miller@example.com,True,4254969191,Excellent,False
EMP1805,Heidi,Brown,30,True,HR,California,Inactive,2024-08-01,63870.3,False,heidi.brown@example.com,True,8455259709,Excellent,False
EMP1806,Bob,Garcia,40,False,Sales,New York,Active,2024-07-22,106164.53,False,bob.garcia@example.com,True,7563353573,Good,False
EMP1807,Bob,Smith,40,False,HR,Nevada,Pending,2023-12-25,103654.54,False,bob.smith@example.com,True,8595325938,Poor,False
EMP1808,David,Miller,30,False,Sales,California,Inactive,2022-03-13,62834.72,False,david.miller@example.com,True,9337970580,Good,True
EMP1809,Frank,Jones,35,False,Finance,Florida,Active,2020-05-13,83273.41,False,frank.jones@example.com,True,6295187793,Excellent,False
EMP1810,Heidi,Williams,30,False,HR,California,Pending,2023-03-22,58917.58,False,heidi.williams@example.com,True,1763425072,Good,False
EMP1811,Bob,Williams,35,False,Sales,Nevada,Active,2024-06-10,71148.27,False,bob.williams@example.com,True,3055978244,Excellent,True
EMP1812,Grace,Smith,30,False,Sales,New York,Pending,2020-11-21,118172.42,False,grace.smith@example.com,True,7598339913,Poor,True
EMP1813,Frank,Brown,30,False,DevOps,Illinois,Inactive,2024-05-25,118614.37,False,frank.brown@example.com,True,388436603,Average,False
EMP1814,Frank,Brown,32,True,DevOps,New York,Active,2023-09-19,96872.36,False,frank.brown@example.com,True,4324006156,Poor,False
EMP1815,Heidi,Jones,25,False,Sales,Illinois,Inactive,2021-10-28,88856.14,False,heidi.jones@example.com,True,2768297513,Good,True
EMP1816,Charlie,Smith,35,False,Finance,Texas,Pending,2020-08-10,97985.61,False,charlie.smith@example.com,True,7439742924,Good,False
EMP1817,Grace,Williams,35,False,Finance,Nevada,Pending,2020-05-05,56337.31,False,grace.williams@example.com,True,105875255,Poor,True
EMP1818,Alice,Brown,30,False,DevOps,New York,Inactive,2022-12-24,70405.23,False,alice.brown@example.com,True,8065625903,Poor,True
EMP1819,Heidi,Smith,30,False,Admin,Nevada,Inactive,2021-09-05,89919.35,False,heidi.smith@example.com,True,5990802710,Excellent,True
EMP1820,Eva,Davis,40,False,DevOps,California,Active,2023-04-08,50568.35,False,eva.davis@example.com,True,2218231554,Good,True
EMP1821,Grace,Brown,30,False,HR,Texas,Inactive,2023-01-29,,True,grace.brown@example.com,True,1651768085,Good,False
EMP1822,Frank,Miller,25,False,HR,Texas,Active,2022-06-03,99155.53,False,frank.miller@example.com,True,6281372142,Poor,True
EMP1823,Frank,Davis,40,False,Finance,Florida,Inactive,2023-01-21,64785.13,False,frank.davis@example.com,True,3080037002,Average,True
EMP1824,Charlie,Garcia,30,False,Sales,Florida,Inactive,2024-09-16,79206.48,False,charlie.garcia@example.com,True,3228556607,Good,False
EMP1825,Charlie,Brown,30,False,Cloud Tech,Texas,Pending,2020-02-02,60079.71,False,charlie.brown@example.com,True,4706810389,Average,True
EMP1826,Grace,Williams,30,False,Cloud Tech,New York,Pending,2024-07-08,79109.88,False,grace.williams@example.com,True,3397051957,Poor,False
EMP1827,Grace,Johnson,30,True,Admin,Florida,Pending,2022-05-18,88643.5,False,grace.johnson@example.com,True,2632809447,Poor,False
EMP1828,Frank,Davis,30,False,Admin,Florida,Pending,2020-01-16,90455.7,False,frank.davis@example.com,True,5862394534,Excellent,False
EMP1829,David,Garcia,30,True,HR,Florida,Pending,2023-03-26,75687.9,False,david.garcia@example.com,True,4614707985,Good,True
EMP1830,Heidi,Jones,35,False,Cloud Tech,Illinois,Inactive,2023-11-15,55604.42,False,heidi.jones@example.com,True,3210613393,Average,False
EMP1831,Eva,Jones,40,False,Sales,Texas,Pending,2024-12-27,92704.94,False,eva.jones@example.com,True,3945703942,Excellent,False
EMP1832,Bob,Williams,30,True,Sales,California,Pending,2020-04-18,113250.97,False,bob.williams@example.com,True,8040325375,Good,True
EMP1833,Alice,Brown,40,False,Finance,Illinois,Inactive,2023-03-21,101367.02,False,alice.brown@example.com,True,5769277893,Excellent,False
EMP1834,Eva,Smith,35,False,Admin,Texas,Pending,2023-05-08,102459.77,False,eva.smith@example.com,True,3191009003,Poor,False
EMP1835,Eva,Brown,25,False,DevOps,Florida,Pending,2020-12-12,90100.2,False,eva.brown@example.com,True,476921052,Good,False
EMP1836,Eva,Williams,30,True,Cloud Tech,California,Inactive,2020-06-17,58877.49,False,eva.williams@example.com,True,3651460400,Excellent,False
EMP1837,Eva,Jones,35,False,Admin,Illinois,Inactive,2021-07-17,,True,eva.jones@example.com,True,4247310719,Excellent,False
EMP1838,Bob,Brown,30,True,Admin,Illinois,Pending,2020-11-05,96140.89,False,bob.brown@example.com,True,1137984408,Average,True
EMP1839,Charlie,Jones,35,False,DevOps,New York,Inactive,2021-01-05,105956.04,False,charlie.jones@example.com,True,7123166006,Excellent,False
EMP1840,Frank,Davis,25,False,Admin,Illinois,Active,2024-09-11,84716.38,False,frank.davis@example.com,True,6762090143,Good,False
EMP1841,Grace,Garcia,30,False,DevOps,Florida,Pending,2023-07-29,61709.83,False,grace.garcia@example.com,True,7340433699,Good,True
EMP1842,Frank,Smith,25,False,DevOps,California,Active,2020-04-17,61732.03,False,frank.smith@example.com,True,9687304518,Average,True
EMP1843,Eva,Davis,40,False,DevOps,Illinois,Active,2022-02-16,97845.7,False,eva.davis@example.com,True,5778255881,Good,True
EMP1844,Eva,Jones,30,False,Sales,Florida,Active,2021-08-14,114905.58,False,eva.jones@example.com,True,5562965753,Poor,False
EMP1845,Frank,Jones,32,True,DevOps,Texas,Active,2022-12-24,94619.69,False,frank.jones@example.com,True,2786561941,Good,True
EMP1846,Grace,Johnson,32,True,DevOps,California,Inactive,2021-07-07,68696.15,False,grace.johnson@example.com,True,5577820581,Good,False
EMP1847,Grace,Johnson,40,False,DevOps,Nevada,Active,2024-02-12,97032.29,False,grace.johnson@example.com,True,9582923615,Excellent,False
EMP1848,Frank,Davis,30,False,HR,Illinois,Active,2023-10-09,50593.33,False,frank.davis@example.com,True,1880819047,Excellent,True
EMP1849,Grace,Miller,25,False,Sales,Texas,Pending,2022-07-02,74606.15,False,grace.miller@example.com,True,2357155867,Good,True
EMP1850,Eva,Davis,30,False,Cloud Tech,Texas,Pending,2020-07-07,53981.73,False,eva.davis@example.com,True,6395613722,Average,False
EMP1851,David,Johnson,32,True,DevOps,Texas,Pending,2020-09-02,56047.05,False,david.johnson@example.com,True,817214363,Excellent,True
EMP1852,Grace,Jones,30,True,Admin,Texas,Pending,2021-01-12,67733.5,False,grace.jones@example.com,True,3813000412,Average,False
EMP1853,Bob,Williams,40,False,HR,Florida,Pending,2023-09-29,103891.64,False,bob.williams@example.com,True,2114716559,Good,True
EMP1854,Charlie,Davis,25,False,HR,Texas,Inactive,2022-03-06,73285.83,False,charlie.davis@example.com,True,9456534698,Good,True
EMP1855,Eva,Jones,30,False,Finance,Texas,Inactive,2021-02-14,92721.13,False,eva.jones@example.com,True,7990707549,Poor,True
EMP1856,Heidi,Williams,25,False,Admin,Illinois,Inactive,2021-03-23,92977.64,False,heidi.williams@example.com,True,4768169956,Excellent,False
EMP1857,Heidi,Williams,35,False,Cloud Tech,Texas,Active,2020-05-24,89994.12,False,heidi.williams@example.com,True,607174810,Good,True
EMP1858,Heidi,Johnson,25,False,Finance,New York,Pending,2023-08-04,50060.73,False,heidi.johnson@example.com,True,3176539704,Poor,False
EMP1859,Grace,Davis,35,False,Admin,Nevada,Inactive,2022-03-12,90224.82,False,grace.davis@example.com,True,4873961028,Excellent,False
EMP1860,Heidi,Brown,40,False,Finance,Florida,Pending,2024-05-18,106859.3,False,heidi.brown@example.com,True,871827495,Good,False
EMP1861,David,Smith,25,False,Finance,Nevada,Inactive,2020-09-05,89707.07,False,david.smith@example.com,True,8049187273,Good,False
EMP1862,Frank,Johnson,35,False,DevOps,California,Inactive,2020-04-23,94259.08,False,frank.johnson@example.com,True,2049561212,Excellent,True
EMP1863,Bob,Johnson,35,False,Sales,California,Active,2024-09-18,82174.75,False,bob.johnson@example.com,True,7730626041,Excellent,False
EMP1864,David,Brown,30,False,Sales,Texas,Inactive,2023-09-15,63370.22,False,david.brown@example.com,True,3597371121,Excellent,False
EMP1865,Bob,Smith,35,False,Finance,Texas,Pending,2022-06-15,101472.69,False,bob.smith@example.com,True,2990775607,Good,True
EMP1866,David,Jones,25,False,DevOps,Illinois,Active,2022-09-28,77213.73,False,david.jones@example.com,True,5816704685,Good,False
EMP1867,Eva,Miller,40,False,Sales,Florida,Active,2020-03-16,73749.96,False,eva.miller@example.com,True,1114576831,Poor,True
EMP1868,Alice,Davis,40,False,Cloud Tech,New York,Pending,2023-09-28,86618.37,False,alice.davis@example.com,True,1021923784,Average,False
EMP1869,Charlie,Miller,30,True,Admin,Texas,Active,2024-02-15,59911.33,False,charlie.miller@example.com,True,8471296179,Excellent,True
EMP1870,Heidi,Jones,30,True,Cloud Tech,New York,Pending,2023-08-21,59137.64,False,heidi.jones@example.com,True,3324260507,Good,False
EMP1871,Alice,Garcia,35,False,Cloud Tech,Florida,Pending,2020-12-15,108474.65,False,alice.garcia@example.com,True,184980424,Good,True
EMP1872,Bob,Johnson,25,False,Finance,Illinois,Pending,2021-03-27,54417.71,False,bob.johnson@example.com,True,3733777311,Excellent,False
EMP1873,Frank,Smith,40,False,HR,Texas,Pending,2023-03-25,88211.94,False,frank.smith@example.com,True,6881228216,Average,False
EMP1874,David,Johnson,25,False,Sales,New York,Inactive,2020-05-09,58452.18,False,david.johnson@example.com,True,8192365345,Excellent,True
EMP1875,Grace,Williams,30,False,DevOps,California,Pending,2020-12-03,80706.28,False,grace.williams@example.com,True,605603566,Average,True
EMP1876,Alice,Johnson,30,False,Cloud Tech,Nevada,Pending,2022-02-09,,True,alice.johnson@example.com,True,9327986238,Good,True
EMP1877,Heidi,Johnson,25,False,Cloud Tech,Texas,Active,2020-07-01,99471.89,False,heidi.johnson@example.com,True,8471690617,Average,True
EMP1878,Eva,Jones,40,False,DevOps,Florida,Pending,2020-09-16,64431.22,False,eva.jones@example.com,True,1205464753,Poor,False
EMP1879,Heidi,Jones,40,False,Admin,New York,Pending,2023-11-17,52633.48,False,heidi.jones@example.com,True,8954787697,Good,False
EMP1880,Heidi,Jones,30,True,Cloud Tech,Nevada,Inactive,2021-12-13,79315.01,False,heidi.jones@example.com,True,9992751757,Poor,True
EMP1881,David,Miller,25,False,Sales,Texas,Pending,2022-01-11,110391.17,False,david.miller@example.com,True,8914444982,Excellent,False
EMP1882,David,Williams,40,False,DevOps,Nevada,Active,2021-07-20,53714.83,False,david.williams@example.com,True,5539354357,Excellent,True
EMP1883,Charlie,Garcia,40,False,Finance,New York,Active,2023-10-04,114587.11,False,charlie.garcia@example.com,True,6449639242,Excellent,True
EMP1884,Frank,Garcia,35,False,Admin,Florida,Inactive,2021-11-15,93177.35,False,frank.garcia@example.com,True,5885379820,Average,False
EMP1885,Heidi,Jones,25,False,Cloud Tech,Nevada,Active,2023-01-05,62312.13,False,heidi.jones@example.com,True,4339527535,Good,False
EMP1886,Heidi,Smith,30,True,Cloud Tech,Texas,Active,2024-01-17,81137.46,False,heidi.smith@example.com,True,7497852490,Excellent,False
EMP1887,Grace,Miller,30,False,DevOps,Nevada,Inactive,2021-04-16,104528.27,False,grace.miller@example.com,True,4168601346,Excellent,False
EMP1888,Bob,Brown,30,False,DevOps,Florida,Active,2022-02-08,112395.56,False,bob.brown@example.com,True,7894896339,Good,False
EMP1889,Heidi,Smith,25,False,Finance,New York,Active,2023-06-02,81849.36,False,heidi.smith@example.com,True,6791766511,Excellent,False
EMP1890,Charlie,Davis,40,False,DevOps,New York,Pending,2022-01-04,118288.91,False,charlie.davis@example.com,True,2150014187,Poor,False
EMP1891,Charlie,Davis,25,False,DevOps,Illinois,Active,2021-07-28,59555.1,False,charlie.davis@example.com,True,4216309000,Good,True
EMP1892,Heidi,Smith,40,False,Admin,California,Active,2024-12-20,70661.31,False,heidi.smith@example.com,True,5944633398,Good,True
EMP1893,Charlie,Jones,30,True,Sales,New York,Active,2022-04-23,109988.16,False,charlie.jones@example.com,True,9485320894,Good,True
EMP1894,David,Brown,35,True,Finance,Florida,Inactive,2020-01-30,101101.24,False,david.brown@example.com,True,3263890218,Poor,True
EMP1895,David,Brown,30,False,HR,Florida,Pending,2021-03-31,112427.58,False,david.brown@example.com,True,9471136336,Good,True
EMP1896,Charlie,Miller,30,True,Cloud Tech,Florida,Active,2020-03-23,119389.15,False,charlie.miller@example.com,True,9223410345,Poor,False
EMP1897,Alice,Brown,40,False,Sales,Florida,Inactive,2024-07-16,105861.23,False,alice.brown@example.com,True,9967331166,Good,True
EMP1898,Heidi,Davis,40,False,Admin,Texas,Pending,2024-03-22,50869.61,False,heidi.davis@example.com,True,7269608436,Average,True
EMP1899,David,Williams,30,False,HR,California,Active,2023-08-19,,True,david.williams@example.com,True,6855078966,Excellent,True
EMP1900,Eva,Jones,30,False,DevOps,Florida,Pending,2024-03-10,90856.21,False,eva.jones@example.com,True,9352196262,Average,True
EMP1901,Heidi,Brown,30,False,DevOps,Florida,Active,2024-06-05,111008.63,False,heidi.brown@example.com,True,3556434368,Excellent,True
EMP1902,Alice,Miller,25,False,Finance,Nevada,Inactive,2022-12-23,52289.99,False,alice.miller@example.com,True,7093170694,Poor,True
EMP1903,Eva,Davis,30,True,Sales,Illinois,Active,2024-06-01,97926.56,False,eva.davis@example.com,True,5607676163,Average,True
EMP1904,Frank,Williams,25,False,Sales,Nevada,Inactive,2024-12-23,53609.38,False,frank.williams@example.com,True,5345472238,Good,False
EMP1905,Heidi,Johnson,30,True,Cloud Tech,California,Inactive,2020-12-24,95372.09,False,heidi.johnson@example.com,True,8983065030,Excellent,False
EMP1906,David,Johnson,30,False,HR,New York,Pending,2020-08-20,95432.69,False,david.johnson@example.com,True,2198041846,Excellent,True
EMP1907,David,Williams,30,False,HR,California,Inactive,2022-10-28,97615.87,False,david.williams@example.com,True,2426423641,Average,False
EMP1908,Bob,Davis,35,False,HR,Florida,Inactive,2022-10-23,86867.78,False,bob.davis@example.com,True,8131909247,Poor,False
EMP1909,Eva,Miller,40,False,Sales,California,Pending,2023-11-20,106615.71,False,eva.miller@example.com,True,7623039110,Average,False
EMP1910,Bob,Williams,30,False,Finance,Texas,Active,2022-03-11,112856.21,False,bob.williams@example.com,True,4281785227,Poor,False
EMP1911,Bob,Jones,25,False,Admin,California,Active,2023-11-28,60356.78,False,bob.jones@example.com,True,2305248087,Poor,True
EMP1912,David,Jones,32,True,DevOps,Texas,Inactive,2022-05-03,117870.22,False,david.jones@example.com,True,622072238,Excellent,False
EMP1913,Charlie,Johnson,40,False,HR,Florida,Inactive,2024-02-19,95127.91,False,charlie.johnson@example.com,True,5947372131,Average,False
EMP1914,Bob,Brown,25,False,Admin,Illinois,Pending,2021-11-18,78818.42,False,bob.brown@example.com,True,9016204786,Average,False
EMP1915,Frank,Miller,40,False,Sales,Nevada,Pending,2022-12-21,108933.55,False,frank.miller@example.com,True,6886878598,Poor,True
EMP1916,Eva,Johnson,30,True,Admin,California,Active,2024-06-04,68200.52,False,eva.johnson@example.com,True,6486287202,Average,True
EMP1917,Eva,Brown,25,False,Admin,California,Inactive,2022-07-22,116934.97,False,eva.brown@example.com,True,1954196663,Good,True
EMP1918,Charlie,Brown,30,True,HR,New York,Active,2024-09-14,99567.78,False,charlie.brown@example.com,True,5057303626,Good,True
EMP1919,Charlie,Garcia,30,False,Admin,Texas,Active,2021-10-10,90216.76,False,charlie.garcia@example.com,True,9246320373,Average,True
EMP1920,Frank,Jones,30,False,Admin,Illinois,Pending,2020-03-12,96588.73,False,frank.jones@example.com,True,7677537259,Average,True
EMP1921,Charlie,Davis,35,False,Finance,Illinois,Active,2022-12-28,71109.18,False,charlie.davis@example.com,True,3214505765,Poor,True
EMP1922,Grace,Smith,40,False,Admin,Florida,Inactive,2020-11-15,50300.6,False,grace.smith@example.com,True,1945887070,Good,False
EMP1923,Frank,Davis,35,False,Finance,California,Pending,2023-09-27,60295.84,False,frank.davis@example.com,True,5534820127,Good,False
EMP1924,Heidi,Smith,35,False,DevOps,Texas,Pending,2022-09-07,113012.21,False,heidi.smith@example.com,True,4008385075,Excellent,False
EMP1925,Bob,Williams,35,False,Cloud Tech,Florida,Pending,2024-09-18,65425.54,False,bob.williams@example.com,True,5975954507,Poor,True
EMP1926,Frank,Jones,25,False,Sales,Nevada,Active,2023-04-09,86850.37,False,frank.jones@example.com,True,9177680897,Excellent,True
EMP1927,Eva,Brown,30,False,Cloud Tech,Texas,Pending,2024-10-05,81182.07,False,eva.brown@example.com,True,1265742230,Good,True
EMP1928,Bob,Miller,35,True,Finance,New York,Inactive,2021-10-12,92222.03,False,bob.miller@example.com,True,9646300401,Poor,True
EMP1929,Alice,Smith,35,False,Finance,New York,Pending,2024-10-14,79934.83,False,alice.smith@example.com,True,3693626893,Average,True
EMP1930,Alice,Davis,35,False,HR,California,Inactive,2022-07-01,111201.12,False,alice.davis@example.com,True,3012047136,Poor,False
EMP1931,Heidi,Brown,40,False,Finance,California,Active,2024-07-08,100960.05,False,heidi.brown@example.com,True,2711759573,Average,False
EMP1932,Grace,Smith,30,False,Sales,Illinois,Active,2020-10-21,64544.87,False,grace.smith@example.com,True,9885582983,Average,True
EMP1933,Frank,Smith,25,False,Sales,Florida,Active,2020-01-14,78662.24,False,frank.smith@example.com,True,9330674583,Poor,True
EMP1934,Grace,Garcia,30,False,Sales,Florida,Pending,2023-03-09,102867.06,False,grace.garcia@example.com,True,7609441282,Average,True
EMP1935,Charlie,Smith,40,False,HR,Illinois,Inactive,2020-03-27,107595.95,False,charlie.smith@example.com,True,3372188565,Excellent,True
EMP1936,Eva,Miller,40,False,Sales,Nevada,Inactive,2021-04-04,,True,eva.miller@example.com,True,6954132970,Good,False
EMP1937,Eva,Jones,35,False,DevOps,Nevada,Inactive,2020-09-11,95766.91,False,eva.jones@example.com,True,5066626704,Average,True
EMP1938,Grace,Miller,30,False,Finance,Nevada,Pending,2021-05-16,51990.98,False,grace.miller@example.com,True,5143776935,Excellent,True
EMP1939,Heidi,Johnson,25,False,Sales,Nevada,Inactive,2023-04-05,83634.01,False,heidi.johnson@example.com,True,6343925294,Average,True
EMP1940,Eva,Brown,40,False,DevOps,Texas,Inactive,2022-11-15,,True,eva.brown@example.com,True,9611110285,Good,True
EMP1941,Eva,Jones,30,False,Sales,Texas,Active,2021-10-16,82273.08,False,eva.jones@example.com,True,7120072023,Excellent,False
EMP1942,Frank,Garcia,30,False,Cloud Tech,California,Inactive,2022-05-09,94537.3,False,frank.garcia@example.com,True,5591024509,Good,True
EMP1943,Alice,Jones,35,False,HR,Illinois,Pending,2020-06-06,85970.65,False,alice.jones@example.com,True,9109032670,Good,True
EMP1944,Charlie,Jones,25,False,Sales,New York,Pending,2021-10-22,111071.02,False,charlie.jones@example.com,True,4949819420,Excellent,False
EMP1945,Eva,Davis,35,False,DevOps,Nevada,Pending,2022-01-12,56708.34,False,eva.davis@example.com,True,7942817933,Excellent,False
EMP1946,Charlie,Jones,25,False,Admin,Illinois,Inactive,2022-02-02,104516.55,False,charlie.jones@example.com,True,652775843,Excellent,False
EMP1947,Charlie,Garcia,25,False,Admin,New York,Pending,2021-03-28,108210.15,False,charlie.garcia@example.com,True,6634533721,Poor,True
EMP1948,Bob,Miller,40,False,Finance,Texas,Active,2024-08-03,,True,bob.miller@example.com,True,109121721,Excellent,True
EMP1949,Frank,Jones,35,False,DevOps,California,Active,2024-07-31,80935.65,False,frank.jones@example.com,True,1455937660,Excellent,False
EMP1950,Frank,Williams,30,False,DevOps,California,Active,2024-03-04,107020.19,False,frank.williams@example.com,True,8943705262,Excellent,False
EMP1951,Charlie,Brown,30,False,HR,New York,Active,2020-09-23,118677.67,False,charlie.brown@example.com,True,5100462775,Excellent,False
EMP1952,Bob,Jones,25,False,Cloud Tech,Florida,Inactive,2020-03-28,63744.57,False,bob.jones@example.com,True,5725659201,Average,False
EMP1953,Alice,Brown,40,False,Cloud Tech,California,Active,2020-05-15,,True,alice.brown@example.com,True,4617520237,Poor,False
EMP1954,Bob,Williams,25,False,Sales,New York,Pending,2021-02-13,62934.73,False,bob.williams@example.com,True,9743260054,Good,False
EMP1955,Bob,Williams,30,False,DevOps,California,Pending,2021-12-13,74654.23,False,bob.williams@example.com,True,9550178331,Excellent,True
EMP1956,David,Brown,30,True,Sales,Texas,Active,2024-08-05,,True,david.brown@example.com,True,5848689992,Average,True
EMP1957,David,Smith,30,False,HR,New York,Pending,2020-01-09,118150.59,False,david.smith@example.com,True,6079848703,Average,True
EMP1958,David,Johnson,32,True,DevOps,Florida,Inactive,2023-11-30,91256.64,False,david.johnson@example.com,True,5069176798,Average,False
EMP1959,Bob,Davis,30,False,HR,Florida,Inactive,2021-03-14,85997.57,False,bob.davis@example.com,True,3593744038,Good,False
EMP1960,Frank,Smith,25,False,Finance,Texas,Pending,2020-10-05,84707.12,False,frank.smith@example.com,True,4640830372,Excellent,False
EMP1961,Eva,Smith,32,True,DevOps,Texas,Active,2021-11-02,84559.9,False,eva.smith@example.com,True,6060148859,Poor,False
EMP1962,Heidi,Miller,32,True,DevOps,California,Pending,2024-09-18,81076.91,False,heidi.miller@example.com,True,8490793883,Poor,False
EMP1963,Eva,Davis,40,False,Admin,Texas,Inactive,2023-10-22,,True,eva.davis@example.com,True,1368528305,Average,False
EMP1964,Heidi,Davis,25,False,Finance,Florida,Pending,2023-09-10,97356.31,False,heidi.davis@example.com,True,1537012423,Good,True
EMP1965,Grace,Smith,40,False,DevOps,Illinois,Active,2024-02-27,114770.32,False,grace.smith@example.com,True,4626325143,Good,True
EMP1966,Bob,Jones,35,False,Admin,California,Active,2023-05-03,109082.07,False,bob.jones@example.com,True,8811210313,Good,False
EMP1967,David,Miller,40,False,DevOps,Florida,Inactive,2024-04-15,99944.57,False,david.miller@example.com,True,2175188780,Poor,True
EMP1968,Eva,Miller,40,False,HR,Florida,Pending,2023-05-20,116509.72,False,eva.miller@example.com,True,7941515262,Average,False
EMP1969,Eva,Williams,30,False,Finance,Texas,Active,2021-05-28,84253.9,False,eva.williams@example.com,True,8409112251,Excellent,True
EMP1970,Charlie,Garcia,25,False,Cloud Tech,Nevada,Active,2024-08-27,54776.01,False,charlie.garcia@example.com,True,8837505660,Poor,False
EMP1971,Charlie,Davis,40,False,Sales,Nevada,Inactive,2020-11-08,71192.68,False,charlie.davis@example.com,True,8632397912,Average,False
EMP1972,Bob,Smith,35,True,Finance,Florida,Active,2021-08-24,96346.53,False,bob.smith@example.com,True,7876553006,Average,True
EMP1973,Eva,Williams,30,True,HR,Illinois,Pending,2020-02-06,116680.63,False,eva.williams@example.com,True,3095055604,Excellent,True
EMP1974,Grace,Brown,25,False,Finance,Florida,Inactive,2024-10-12,76343.56,False,grace.brown@example.com,True,7121988191,Excellent,False
EMP1975,Alice,Johnson,30,False,Sales,Nevada,Inactive,2024-12-16,99424.14,False,alice.johnson@example.com,True,7788519052,Excellent,False
EMP1976,Charlie,Garcia,35,False,DevOps,Florida,Inactive,2024-04-13,57656.74,False,charlie.garcia@example.com,True,4864010423,Good,True
EMP1977,Heidi,Garcia,40,False,Sales,New York,Pending,2020-04-24,77396.94,False,heidi.garcia@example.com,True,6245618516,Excellent,True
EMP1978,Grace,Garcia,32,True,DevOps,California,Inactive,2021-10-18,54299.68,False,grace.garcia@example.com,True,4460045211,Average,False
EMP1979,Charlie,Miller,35,False,HR,Nevada,Pending,2020-02-25,103563.58,False,charlie.miller@example.com,True,8991511454,Excellent,True
EMP1980,Grace,Brown,25,False,Finance,California,Inactive,2022-04-23,74588.85,False,grace.brown@example.com,True,1293913043,Average,False
EMP1981,David,Garcia,30,False,DevOps,California,Pending,2020-06-22,113727.23,False,david.garcia@example.com,True,8818984840,Poor,False
EMP1982,Eva,Brown,25,False,HR,New York,Active,2023-01-07,72828.18,False,eva.brown@example.com,True,6046154020,Good,False
EMP1983,Grace,Jones,30,True,Sales,Florida,Inactive,2020-02-11,98717.09,False,grace.jones@example.com,True,1901707567,Poor,False
EMP1984,Frank,Garcia,40,False,Sales,Florida,Inactive,2023-03-18,56840.8,False,frank.garcia@example.com,True,1429831521,Poor,True
EMP1985,David,Johnson,35,False,Finance,Illinois,Pending,2021-11-26,61663.91,False,david.johnson@example.com,True,9107322835,Average,True
EMP1986,Grace,Brown,30,False,Finance,Nevada,Active,2024-09-17,109523.4,False,grace.brown@example.com,True,849378305,Poor,True
EMP1987,Eva,Brown,25,False,HR,Illinois,Inactive,2024-07-05,65812.02,False,eva.brown@example.com,True,3963845268,Average,True
EMP1988,Bob,Johnson,30,True,Cloud Tech,Illinois,Inactive,2021-07-13,54708.88,False,bob.johnson@example.com,True,6944391648,Excellent,True
EMP1989,Heidi,Garcia,40,False,Admin,California,Active,2023-08-27,107661.73,False,heidi.garcia@example.com,True,7016934291,Excellent,True
EMP1990,Eva,Johnson,40,False,DevOps,Illinois,Inactive,2021-02-13,79002.0,False,eva.johnson@example.com,True,9132033015,Average,True
EMP1991,Heidi,Brown,30,True,Admin,Texas,Pending,2023-12-11,86135.69,False,heidi.brown@example.com,True,2341903105,Excellent,False
EMP1992,Heidi,Johnson,30,False,DevOps,Nevada,Inactive,2021-07-02,115601.4,False,heidi.johnson@example.com,True,1537221555,Good,True
EMP1993,Grace,Brown,32,True,DevOps,Nevada,Active,2022-12-05,64045.36,False,grace.brown@example.com,True,6847323652,Poor,True
EMP1994,David,Brown,30,False,DevOps,Nevada,Inactive,2024-09-24,80477.21,False,david.brown@example.com,True,3774604066,Good,False
EMP1995,Bob,Jones,30,False,Finance,California,Inactive,2023-08-16,61240.9,False,bob.jones@example.com,True,2007843613,Poor,True
EMP1996,David,Smith,40,False,Admin,Texas,Active,2021-01-28,51939.29,False,david.smith@example.com,True,2442607818,Excellent,True
EMP1997,Eva,Brown,40,False,Finance,Illinois,Inactive,2022-05-14,95284.54,False,eva.brown@example.com,True,7543734763,Good,False
EMP1998,Charlie,Garcia,35,False,Admin,Texas,Inactive,2024-06-05,106247.67,False,charlie.garcia@example.com,True,2737203762,Excellent,True
EMP1999,Charlie,Williams,25,False,DevOps,Florida,Active,2020-04-23,110170.88,False,charlie.williams@example.com,True,8821458413,Poor,True
EMP2000,Charlie,Miller,25,False,HR,Nevada,Pending,2024-06-10,52615.44,False,charlie.miller@example.com,True,8460191343,Average,True
EMP2001,Eva,Davis,30,False,DevOps,Illinois,Inactive,2020-04-18,82547.26,False,eva.davis@example.com,True,3899827801,Average,False
EMP2002,Bob,Smith,35,False,Finance,Illinois,Pending,2020-06-29,63049.22,False,bob.smith@example.com,True,586950731,Good,True
EMP2003,Frank,Smith,35,False,HR,California,Pending,2023-02-15,115229.12,False,frank.smith@example.com,True,1464493698,Excellent,True
EMP2004,Grace,Smith,25,False,DevOps,Illinois,Pending,2023-06-15,60687.63,False,grace.smith@example.com,True,9516793349,Excellent,False
EMP2005,Frank,Jones,30,False,Finance,Illinois,Inactive,2022-03-19,67492.73,False,frank.jones@example.com,True,5573857367,Good,True
EMP2006,Grace,Brown,30,True,HR,Illinois,Inactive,2023-10-25,77821.79,False,grace.brown@example.com,True,119236036,Average,False
EMP2007,Charlie,Jones,35,False,DevOps,Texas,Active,2022-07-14,69146.95,False,charlie.jones@example.com,True,6811872332,Poor,False
EMP2008,Grace,Brown,35,False,Admin,Nevada,Inactive,2022-03-12,90224.82,False,grace.brown@example.com,True,5104096148,Good,True
EMP2009,David,Garcia,35,True,Finance,Illinois,Pending,2024-06-11,62603.98,False,david.garcia@example.com,True,7315391148,Poor,False
EMP2010,Bob,Jones,35,False,Sales,Nevada,Active,2024-06-10,71148.27,False,bob.jones@example.com,True,8307482072,Average,False
EMP2011,David,Jones,40,False,Admin,California,Inactive,2022-09-21,52031.74,False,david.jones@example.com,True,6511893939,Excellent,True
EMP2012,Grace,Miller,35,False,DevOps,Florida,Inactive,2023-04-15,,True,grace.miller@example.com,True,6557820189,Average,False
EMP2013,Eva,Williams,30,True,HR,Illinois,Pending,2020-02-06,116680.63,False,eva.williams@example.com,True,4322302332,Good,False
EMP2014,Grace,Jones,30,False,Finance,Nevada,Pending,2021-05-16,51990.98,False,grace.jones@example.com,True,2470739200,Excellent,True
EMP2015,David,Miller,30,False,HR,California,Active,2023-08-19,,True,david.miller@example.com,True,3546212759,Good,True
EMP2016,David,Johnson,30,False,Cloud Tech,Texas,Inactive,2021-11-07,100215.06,False,david.johnson@example.com,True,2508261122,Good,True
EMP2017,Charlie,Williams,40,False,Finance,New York,Active,2023-10-04,114587.11,False,charlie.williams@example.com,True,1261632487,Average,False
EMP2018,Alice,Garcia,30,False,HR,Florida,Inactive,2024-12-16,71318.79,False,alice.garcia@example.com,True,8995729892,Good,True
EMP2019,Heidi,Jones,30,False,DevOps,Illinois,Pending,2021-02-22,77764.24,False,heidi.jones@example.com,True,7629745492,Average,False
